assists,bonus,bps,clean_sheets,creativity,goals_conceded,goals_scored,ict_index,influence,kickoff_time,minutes,own_goals,penalties_missed,penalties_saved,red_cards,saves,team_a_score,team_h_score,threat,value,was_home,yellow_cards,starts,assists_1,bonus_1,bps_1,clean_sheets_1,creativity_1,goals_conceded_1,goals_scored_1,ict_index_1,influence_1,kickoff_time_1,minutes_1,own_goals_1,penalties_missed_1,penalties_saved_1,red_cards_1,saves_1,team_a_score_1,team_h_score_1,threat_1,value_1,was_home_1,yellow_cards_1,starts_1,assists_2,bonus_2,clean_sheets_2,creativity_2,goals_conceded_2,goals_scored_2,ict_index_2,influence_2,kickoff_time_2,minutes_2,own_goals_2,penalties_missed_2,penalties_saved_2,red_cards_2,saves_2,team_a_score_2,team_h_score_2,threat_2,value_2,was_home_2,yellow_cards_2,starts_2
-0.25819888974716115,-0.35706231281085266,-1.0051821405499444,-0.46852128566581813,-0.5644176327884939,-0.7080124164434933,-0.16552117772047362,-0.8493648392589926,-0.8580103685516041,0.8167772402567519,-1.4356633270886896,0.0,0.0,0.0,0.0,0.0,1.3704911846157362,0.1213945114203608,-0.61915301115127,1.772718935831018,-1.020204061220407,-0.29488391230979427,-1.3333333333333335,-0.25819888974716115,-0.35706231281085266,-0.6724148003377303,-0.46852128566581813,-0.41005500194546785,0.1841149235796646,-0.16552117772047362,0.174501203189944,-0.4888634343418003,0.7305879131527002,-0.37978719121038046,0.0,0.0,0.0,0.0,0.0,-0.19640689309641438,-0.5765307094589915,1.1728326442624908,1.5951347450594031,0.960768922830523,-0.3333333333333333,-1.3932610920384718,2.162482023605158,1.279548494103334,-0.46852128566581813,0.2855617905600848,0.17536303357005206,-0.19245008972987523,0.7481293340714706,-0.5106892306519928,0.6766816028945716,0.7306868880376438,0.0,0.0,0.0,0.0,0.0,-0.23867308606453935,-0.5743665268941905,1.5317776665614966,1.5378647331172608,-1.020204061220407,-0.3333333333333333,0.7018100265975371
-0.25819888974716115,-0.35706231281085266,0.05383328408564227,-0.46852128566581813,0.3216383056549816,2.1623081907598576,-0.16552117772047362,-0.15029912793471892,-0.24349980915922873,-2.040447147980528,0.7756955542733174,0.0,0.0,0.0,0.0,0.0,1.3704911846157362,0.8354798727166011,-0.21359427022249053,-0.5715567349782623,0.9801960588196068,-0.29488391230979427,0.75,-0.25819888974716115,-0.35706231281085266,0.217022766246569,-0.46852128566581813,-0.4967473913631143,0.1841149235796646,-0.16552117772047362,-0.174501203189944,0.5151215019051829,-2.069020039987772,0.7431052926573674,0.0,0.0,0.0,0.0,0.0,-0.19640689309641438,-0.5765307094589915,-0.23295990879186462,-0.6096126565430893,-1.0408329997330665,-0.3333333333333333,0.7177405625652733,-0.29488391230979427,-0.3608982932086326,-0.46852128566581813,-0.6042908145846553,-0.7476003010091695,-0.19245008972987523,-0.8711982288537905,-0.8663223996297037,-2.1220929103564368,-1.5385270499674615,0.0,0.0,0.0,0.0,0.0,-0.23867308606453935,0.1435916317235476,-0.6536379407246852,-0.6481547880160168,-1.020204061220407,-0.3333333333333333,-1.4248870236980302
-0.25819888974716115,-0.35706231281085266,-1.0051821405499444,-0.46852128566581813,-0.5644176327884939,-0.7080124164434933,-0.16552117772047362,-0.8493648392589926,-0.8580103685516041,0.5187488637008861,-1.4356633270886896,0.0,0.0,0.0,0.0,0.0,0.6048536513108556,0.1213945114203608,-0.61915301115127,-0.3482923853773785,-1.020204061220407,-0.29488391230979427,-1.3333333333333335,-0.25819888974716115,-0.35706231281085266,-1.02818982697145,-0.46852128566581813,-0.5834397807807608,-0.7364596943186587,-0.16552117772047362,-0.87250601594972,-0.8750114867444861,0.5909381257877337,-1.5026796750781284,0.0,0.0,0.0,0.0,0.0,-0.9518180203903158,1.5587682144631994,-0.6346149239502519,-0.38913791638284,0.960768922830523,-0.3333333333333333,-1.3932610920384718,-0.29488391230979427,-0.3608982932086326,-0.46852128566581813,-0.6042908145846553,-0.7476003010091695,-0.19245008972987523,-0.8711982288537905,-0.8663223996297037,0.6315094473637173,-1.5385270499674615,0.0,0.0,0.0,0.0,0.0,0.507180307887146,0.1435916317235476,-0.6536379407246852,-0.429552835902689,-1.020204061220407,-0.3333333333333333,-1.4248870236980302
-0.25819888974716115,-0.35706231281085266,1.112848708721229,2.1343747458109497,-0.5644176327884939,-0.7080124164434933,-0.16552117772047362,1.2478322947138287,0.21738311038505279,-1.9602584036819177,0.7756955542733174,0.0,0.0,0.0,0.0,0.0,-0.9264214152989053,-1.3067762111721197,2.557723792790836,-0.6831889097787043,0.9801960588196068,-0.29488391230979427,0.75,-0.25819888974716115,-0.35706231281085266,-1.02818982697145,-0.46852128566581813,-0.5834397807807608,-0.7364596943186587,-0.16552117772047362,-0.87250601594972,-0.8750114867444861,-1.9418011996041566,-1.5026796750781284,0.0,0.0,0.0,0.0,0.0,-0.19640689309641438,-0.5765307094589915,-0.6346149239502519,-0.7198500266232138,0.960768922830523,-0.3333333333333333,-1.3932610920384718,2.162482023605158,-0.3608982932086326,-0.46852128566581813,0.20466609918329023,0.17536303357005206,-0.19245008972987523,0.7481293340714706,0.5562102762811398,-1.9215990789011737,0.7306868880376438,0.0,0.0,0.0,0.0,0.0,1.9988870957905165,-0.5743665268941905,0.604631651349177,-0.7574557640726807,-1.020204061220407,-0.3333333333333333,0.7018100265975371
-0.25819888974716115,-0.35706231281085266,-0.8286795697773467,-0.46852128566581813,0.4988494933436767,0.24876111929095712,-0.16552117772047362,0.8982994390516917,0.21738311038505279,0.8925110543165505,0.7756955542733174,0.0,0.0,0.0,0.0,0.0,0.6048536513108556,-0.5926908498758795,0.935488829075718,1.1029258870283665,-1.020204061220407,-0.29488391230979427,0.75,-0.25819888974716115,-0.35706231281085266,-0.3166397737040106,-0.46852128566581813,1.237100396989815,0.1841149235796646,-0.16552117772047362,-0.174501203189944,-0.6433226553028747,0.863889982910168,0.7431052926573674,0.0,0.0,0.0,0.0,0.0,-0.19640689309641438,-0.5765307094589915,-0.5007299188974561,1.04394789465878,0.960768922830523,-0.3333333333333333,0.7177405625652733,-0.29488391230979427,-0.3608982932086326,-0.46852128566581813,1.741684235342387,0.17536303357005206,-0.19245008972987523,0.7481293340714706,0.48508364248559765,0.8134189385555359,0.7306868880376438,0.0,0.0,0.0,0.0,0.0,0.507180307887146,-0.5743665268941905,0.008609212998400161,0.9913598528339413,-1.020204061220407,-0.3333333333333333,0.7018100265975371
-0.25819888974716115,-0.35706231281085266,-1.0051821405499444,-0.46852128566581813,-0.5644176327884939,-0.7080124164434933,-0.16552117772047362,-0.8493648392589926,-0.8580103685516041,0.7359428538945457,-1.4356633270886896,0.0,0.0,0.0,0.0,0.0,-0.9264214152989053,0.8354798727166011,-0.61915301115127,-1.129717608980472,-1.020204061220407,-0.29488391230979427,-1.3333333333333335,-0.25819888974716115,-0.35706231281085266,-1.02818982697145,-0.46852128566581813,-0.5834397807807608,-0.7364596943186587,-0.16552117772047362,-0.87250601594972,-0.8750114867444861,0.8140339508679405,-1.5026796750781284,0.0,0.0,0.0,0.0,0.0,-0.19640689309641438,-1.2882970174330552,-0.6346149239502519,-1.1607995069437123,0.960768922830523,-0.3333333333333333,-1.3932610920384718,-0.29488391230979427,-0.3608982932086326,-0.46852128566581813,-0.6042908145846553,-0.7476003010091695,-0.19245008972987523,-0.8711982288537905,-0.8663223996297037,0.858998050442524,-1.5385270499674615,0.0,0.0,0.0,0.0,0.0,-0.23867308606453935,0.8615497903412858,-0.6536379407246852,-1.1946596682993362,0.9801960588196068,-0.3333333333333333,-1.4248870236980302
-0.25819888974716115,-0.35706231281085266,-1.0051821405499444,-0.46852128566581813,-0.5644176327884939,-0.7080124164434933,-0.16552117772047362,-0.8493648392589926,-0.8580103685516041,0.6872614422994151,-1.4356633270886896,0.0,0.0,0.0,0.0,0.0,-0.9264214152989053,-0.5926908498758795,-0.61915301115127,-0.4599245601778204,0.9801960588196068,-0.29488391230979427,-1.3333333333333335,-0.25819888974716115,-0.35706231281085266,-1.02818982697145,-0.46852128566581813,-0.5834397807807608,-0.7364596943186587,-0.16552117772047362,-0.87250601594972,-0.8750114867444861,0.7251659043629619,-1.5026796750781284,0.0,0.0,0.0,0.0,0.0,-0.9518180203903158,0.13523559851507205,-0.6346149239502519,-0.49937528646296464,-1.0408329997330665,-0.3333333333333333,-1.3932610920384718,-0.29488391230979427,-0.3608982932086326,-0.46852128566581813,-0.6042908145846553,-0.7476003010091695,-0.19245008972987523,-0.8711982288537905,-0.8663223996297037,0.8134189385555359,-1.5385270499674615,0.0,0.0,0.0,0.0,0.0,-0.23867308606453935,1.579507948959024,-0.6536379407246852,-0.6481547880160168,0.9801960588196068,-0.3333333333333333,-1.4248870236980302
-0.25819888974716115,-0.35706231281085266,-1.0051821405499444,-0.46852128566581813,-0.5644176327884939,-0.7080124164434933,-0.16552117772047362,-0.8493648392589926,-0.8580103685516041,0.7306485889730594,-1.4356633270886896,0.0,0.0,0.0,0.0,0.0,-0.9264214152989053,0.1213945114203608,-0.61915301115127,-0.4599245601778204,-1.020204061220407,-0.29488391230979427,-1.3333333333333335,-0.25819888974716115,-0.35706231281085266,-1.02818982697145,-0.46852128566581813,-0.5834397807807608,-0.7364596943186587,-0.16552117772047362,-0.87250601594972,-0.8750114867444861,0.8133727302838261,-1.5026796750781284,0.0,0.0,0.0,0.0,0.0,-0.19640689309641438,1.5587682144631994,-0.6346149239502519,-0.6096126565430893,0.960768922830523,-0.3333333333333333,-1.3932610920384718,-0.29488391230979427,-0.3608982932086326,-0.46852128566581813,-0.6042908145846553,-0.7476003010091695,-0.19245008972987523,-0.8711982288537905,-0.8663223996297037,0.8603545716296368,-1.5385270499674615,0.0,0.0,0.0,0.0,0.0,-0.9845264800162247,-0.5743665268941905,-0.6536379407246852,-0.6481547880160168,0.9801960588196068,-0.3333333333333333,-1.4248870236980302
-0.25819888974716115,-0.35706231281085266,-1.0051821405499444,-0.46852128566581813,-0.5644176327884939,-0.7080124164434933,-0.16552117772047362,-0.8493648392589926,-0.8580103685516041,1.0224788017184046,-1.4356633270886896,0.0,0.0,0.0,0.0,0.0,0.6048536513108556,1.5495652340128414,-0.61915301115127,1.661086761030576,0.9801960588196068,-0.29488391230979427,-1.3333333333333335,-0.25819888974716115,-0.35706231281085266,-0.0498085037287208,-0.46852128566581813,-0.14997783369252843,0.1841149235796646,-0.16552117772047362,0.87250601594972,-0.10271538193911445,0.9797358292470152,0.54347996219199,0.0,0.0,0.0,0.0,0.0,-0.19640689309641438,-0.5765307094589915,1.7753151670000715,1.5951347450594031,-1.0408329997330665,-0.3333333333333333,0.7177405625652733,-0.29488391230979427,-0.3608982932086326,-0.46852128566581813,0.3664574819368794,1.0983263681492736,-0.19245008972987523,-0.5473327162687383,-0.8663223996297037,0.9563962716772189,0.7306868880376438,0.0,0.0,0.0,0.0,0.0,-0.9845264800162247,0.1435916317235476,-0.38873907923545103,1.5378647331172608,-1.020204061220407,2.9999999999999996,0.7018100265975371
-0.25819888974716115,-0.35706231281085266,0.23033585485824007,-0.46852128566581813,-0.47581203894414636,0.24876111929095712,-0.16552117772047362,-0.15029912793471892,0.5246383900812405,-1.9977056433704798,0.7756955542733174,0.0,0.0,0.0,0.0,0.0,-0.16078388199402488,-0.5926908498758795,-0.21359427022249053,-0.5715567349782623,-1.020204061220407,-0.29488391230979427,0.75,-0.25819888974716115,-0.35706231281085266,-1.02818982697145,-0.46852128566581813,-0.5834397807807608,-0.7364596943186587,-0.16552117772047362,-0.87250601594972,-0.8750114867444861,-2.0483899577634017,-1.5026796750781284,0.0,0.0,0.0,0.0,0.0,-0.19640689309641438,0.13523559851507205,-0.6346149239502519,-0.6096126565430893,-1.0408329997330665,-0.3333333333333333,-1.3932610920384718,-0.29488391230979427,-0.3608982932086326,2.1343747458109497,-0.6042908145846553,-0.7476003010091695,-0.19245008972987523,1.071994846656523,0.1294504735078868,-2.1039155264491263,0.7306868880376438,0.0,0.0,0.0,0.0,0.0,-0.9845264800162247,-1.2923246855119288,2.458923681773816,-0.7574557640726807,0.9801960588196068,-0.3333333333333333,0.7018100265975371
-0.25819888974716115,-0.35706231281085266,0.14208456947194117,-0.46852128566581813,0.3216383056549816,0.24876111929095712,-0.16552117772047362,-0.15029912793471892,0.3710107502331466,-0.6325600641033163,0.7756955542733174,0.0,0.0,0.0,0.0,0.0,2.901766251225497,-0.5926908498758795,-0.48396676417501017,-0.5715567349782623,-1.020204061220407,-0.29488391230979427,0.75,-0.25819888974716115,-0.35706231281085266,0.12807900958813906,-0.46852128566581813,-0.5834397807807608,0.1841149235796646,-0.16552117772047362,0.174501203189944,0.20620305998303423,-0.6532145252819668,0.7431052926573674,0.0,0.0,0.0,0.0,0.0,0.559004234197487,-0.5765307094589915,0.7711776291041035,-0.6096126565430893,-1.0408329997330665,2.9999999999999996,0.7177405625652733,-0.29488391230979427,-0.3608982932086326,-0.46852128566581813,-0.6042908145846553,2.0212897027284953,-0.19245008972987523,-0.5473327162687383,0.27170374109897116,-0.6460622066590628,0.7306868880376438,0.0,0.0,0.0,0.0,0.0,-0.9845264800162247,0.8615497903412858,-0.6536379407246852,-0.6481547880160168,-1.020204061220407,-0.3333333333333333,0.7018100265975371
7.487767802667672,3.0435311425306013,3.2308795579924023,2.1343747458109497,5.10634037324975,-0.7080124164434933,-0.16552117772047362,3.694562284348787,4.134887926511445,0.9528785872627669,0.6774129373238948,0.0,0.0,0.0,0.0,0.0,-0.9264214152989053,0.8354798727166011,-0.2811873937106204,1.1029258870283665,0.9801960588196068,-0.29488391230979427,0.75,-0.25819888974716115,-0.35706231281085266,-0.22769601704558065,-0.46852128566581813,0.02340694514276451,2.9458387772746346,-0.16552117772047362,-0.523503609569832,-0.5660930448223375,0.9083240061626574,0.09432296864489084,0.0,0.0,0.0,0.0,0.0,-0.9518180203903158,2.270534522437263,-0.567672421423854,1.04394789465878,-1.0408329997330665,-0.3333333333333333,0.7177405625652733,-0.29488391230979427,-0.3608982932086326,-0.46852128566581813,0.3664574819368794,0.17536303357005206,-0.19245008972987523,0.7481293340714706,0.1294504735078868,0.8929789061796982,0.7306868880376438,0.0,0.0,0.0,0.0,0.0,0.507180307887146,-0.5743665268941905,0.8695305128384111,0.9913598528339413,-1.020204061220407,-0.3333333333333333,0.7018100265975371
-0.25819888974716115,-0.35706231281085266,-1.0934334259362433,-0.46852128566581813,-0.032784069722408604,0.24876111929095712,-0.16552117772047362,0.5487665833895549,-0.39712744900732255,0.3826475166948712,0.7756955542733174,0.0,0.0,0.0,0.0,0.0,1.3704911846157362,-0.5926908498758795,1.7466063109332768,1.661086761030576,-1.020204061220407,-0.29488391230979427,0.75,2.32379000772445,-0.35706231281085266,0.217022766246569,-0.46852128566581813,2.2774090700015726,0.1841149235796646,-0.16552117772047362,2.2685156414692718,1.1329583857494803,0.2805611836044231,0.7431052926573674,0.0,0.0,0.0,0.0,0.0,-0.19640689309641438,0.8470019064891356,1.7083726644736736,1.7053721151395276,0.960768922830523,-0.3333333333333333,0.7177405625652733,-0.29488391230979427,-0.3608982932086326,-0.46852128566581813,1.9843713094727706,2.0212897027284953,-0.19245008972987523,1.071994846656523,-0.6529424982430772,0.22129744038082422,0.7306868880376438,0.0,0.0,0.0,0.0,0.0,1.2530337018388313,-0.5743665268941905,1.465552951189188,1.6471657091739247,0.9801960588196068,2.9999999999999996,0.7018100265975371
-0.25819888974716115,1.3432344148598743,1.2893512794938269,2.1343747458109497,-0.47581203894414636,-0.7080124164434933,-0.16552117772047362,-0.4998319835968558,0.2941969303090997,-1.5254830380564413,0.6774129373238948,0.0,0.0,0.0,0.0,0.0,-0.9264214152989053,-0.5926908498758795,-0.61915301115127,-0.6831889097787043,0.9801960588196068,-0.29488391230979427,0.75,-0.25819888974716115,-0.35706231281085266,1.4622353594645878,2.1343747458109497,-0.5834397807807608,-0.7364596943186587,-0.16552117772047362,-0.174501203189944,0.36066228094410857,-1.3067649506206636,0.7431052926573674,0.0,0.0,0.0,0.0,0.0,1.3144153614913885,-1.2882970174330552,-0.3668449138446604,-0.7198500266232138,-1.0408329997330665,-0.3333333333333333,0.7177405625652733,-0.29488391230979427,-0.3608982932086326,2.1343747458109497,-0.6042908145846553,-0.7476003010091695,-0.19245008972987523,0.10039830890136621,0.4139570086900555,-1.3287993201329056,0.7306868880376438,0.0,0.0,0.0,0.0,0.0,-0.9845264800162247,-1.2923246855119288,0.4721822206045599,-0.7574557640726807,0.9801960588196068,-0.3333333333333333,0.7018100265975371
-0.25819888974716115,-0.35706231281085266,-1.0051821405499444,-0.46852128566581813,-0.5644176327884939,-0.7080124164434933,-0.16552117772047362,-0.8493648392589926,-0.8580103685516041,0.2965188654111786,-1.4356633270886896,0.0,0.0,0.0,0.0,0.0,-0.16078388199402488,0.8354798727166011,-0.61915301115127,-0.5715567349782623,-1.020204061220407,-0.29488391230979427,-1.3333333333333335,-0.25819888974716115,4.743827870201328,1.6401228727814476,2.1343747458109497,0.37017650281335035,-0.7364596943186587,-0.16552117772047362,0.174501203189944,0.5151215019051829,0.3694292301094017,0.7431052926573674,0.0,0.0,0.0,0.0,0.0,-0.9518180203903158,-0.5765307094589915,-0.23295990879186462,-0.6096126565430893,0.960768922830523,-0.3333333333333333,0.7177405625652733,-0.29488391230979427,-0.3608982932086326,2.1343747458109497,-0.6042908145846553,-0.7476003010091695,3.656551704867629,1.071994846656523,2.547756022556321,0.4098538853894953,0.7306868880376438,0.0,0.0,0.0,0.0,0.0,4.982300671597258,-1.2923246855119288,0.4721822206045599,-0.5388538119593529,-1.020204061220407,-0.3333333333333333,0.7018100265975371
-0.25819888974716115,-0.35706231281085266,-1.1816847113225422,-0.46852128566581813,0.8532718687210668,-0.7080124164434933,-0.16552117772047362,1.5973651503759656,-0.7043827287035103,0.9035515336040404,-0.32998388640768617,0.0,0.0,0.0,0.0,0.0,-0.16078388199402488,-0.5926908498758795,3.368841274648395,1.661086761030576,0.9801960588196068,-0.29488391230979427,-1.3333333333333335,2.32379000772445,-0.35706231281085266,0.8396290628555785,-0.46852128566581813,3.144332964178037,0.1841149235796646,-0.16552117772047362,2.2685156414692718,1.5191064381521664,0.8843878210177153,0.7431052926573674,0.0,0.0,0.0,0.0,0.0,-0.19640689309641438,0.13523559851507205,0.4364651164721141,1.5951347450594031,0.960768922830523,-0.3333333333333333,0.7177405625652733,-0.29488391230979427,-0.3608982932086326,-0.46852128566581813,0.4473531733136739,0.17536303357005206,-0.19245008972987523,1.7197258718266275,-0.15505606167428193,0.8652380479032427,-0.7064819393655896,0.0,0.0,0.0,0.0,0.0,0.507180307887146,0.8615497903412858,3.2536202662415183,1.5378647331172608,-1.020204061220407,-0.3333333333333333,-1.4248870236980302
-0.25819888974716115,-0.35706231281085266,1.0245974233349302,2.1343747458109497,-0.5644176327884939,-0.7080124164434933,-0.16552117772047362,-0.8493648392589926,-0.32031362908327565,-1.6131612302927638,0.2842824695262047,0.0,0.0,0.0,0.0,0.0,-0.9264214152989053,1.5495652340128414,-0.61915301115127,-0.6831889097787043,0.9801960588196068,-0.29488391230979427,0.75,-0.25819888974716115,-0.35706231281085266,0.3059665229049989,-0.46852128566581813,-0.5834397807807608,0.1841149235796646,-0.16552117772047362,-0.174501203189944,0.5151215019051829,-1.624415319229233,0.7431052926573674,0.0,0.0,0.0,0.0,0.0,2.06982648878529,-0.5765307094589915,-0.5007299188974561,-0.7198500266232138,-1.0408329997330665,-0.3333333333333333,0.7177405625652733,-0.29488391230979427,1.279548494103334,2.1343747458109497,-0.5233951232078607,-0.7476003010091695,-0.19245008972987523,-0.5473327162687383,0.20057710730342895,-1.647174842748266,0.6298329352374169,0.0,0.0,0.0,0.0,0.0,-0.9845264800162247,-0.5743665268941905,-0.6536379407246852,-0.7574557640726807,0.9801960588196068,-0.3333333333333333,0.7018100265975371
-0.25819888974716115,-0.35706231281085266,-0.38742314284585216,-0.46852128566581813,1.1190886502541095,2.1623081907598576,-0.16552117772047362,-0.15029912793471892,-0.47394126893136945,0.6061687991117705,0.6528422830865392,0.0,0.0,0.0,0.0,0.0,-0.16078388199402488,1.5495652340128414,-0.34878051719875036,1.1029258870283665,-1.020204061220407,-0.29488391230979427,0.75,-0.25819888974716115,-0.35706231281085266,-0.5834710436793004,-0.46852128566581813,0.7169460604839363,1.1046895414779878,-0.16552117772047362,-0.174501203189944,-0.4888634343418003,0.5081533086566079,0.7431052926573674,0.0,0.0,0.0,0.0,0.0,0.559004234197487,0.13523559851507205,-0.5007299188974561,1.04394789465878,0.960768922830523,2.9999999999999996,0.7177405625652733,-0.29488391230979427,-0.3608982932086326,2.1343747458109497,1.175414395704825,-0.7476003010091695,-0.19245008972987523,0.10039830890136621,-0.5106892306519928,0.4485147392222084,0.7306868880376438,0.0,0.0,0.0,0.0,0.0,-0.9845264800162247,0.1435916317235476,0.14105864374301721,0.9913598528339413,0.9801960588196068,-0.3333333333333333,0.7018100265975371
-0.25819888974716115,-0.35706231281085266,-1.0051821405499444,-0.46852128566581813,-0.5644176327884939,-0.7080124164434933,-0.16552117772047362,-0.8493648392589926,-0.8580103685516041,0.9528785872627669,-1.4356633270886896,0.0,0.0,0.0,0.0,0.0,0.6048536513108556,-0.5926908498758795,-0.61915301115127,-1.129717608980472,0.9801960588196068,-0.29488391230979427,-1.3333333333333335,-0.25819888974716115,-0.35706231281085266,-1.02818982697145,-0.46852128566581813,-0.5834397807807608,-0.7364596943186587,-0.16552117772047362,-0.87250601594972,-0.8750114867444861,1.0176898907751832,-1.5026796750781284,0.0,0.0,0.0,0.0,0.0,2.06982648878529,-0.5765307094589915,-0.6346149239502519,-1.1607995069437123,0.960768922830523,-0.3333333333333333,-1.3932610920384718,-0.29488391230979427,-0.3608982932086326,-0.46852128566581813,-0.6042908145846553,-0.7476003010091695,-0.19245008972987523,-0.8711982288537905,-0.8663223996297037,1.0620692721533014,-1.5385270499674615,0.0,0.0,0.0,0.0,0.0,-0.23867308606453935,0.1435916317235476,-0.6536379407246852,1.5378647331172608,-1.020204061220407,-0.3333333333333333,-1.4248870236980302
-0.25819888974716115,-0.35706231281085266,-1.0051821405499444,-0.46852128566581813,-0.5644176327884939,-0.7080124164434933,-0.16552117772047362,-0.8493648392589926,-0.8580103685516041,0.46942181004215966,-1.4356633270886896,0.0,0.0,0.0,0.0,0.0,-0.9264214152989053,0.1213945114203608,-0.61915301115127,-0.3482923853773785,0.9801960588196068,-0.29488391230979427,-1.3333333333333335,-0.25819888974716115,-0.35706231281085266,-1.02818982697145,-0.46852128566581813,-0.5834397807807608,-0.7364596943186587,-0.16552117772047362,-0.87250601594972,-0.8750114867444861,0.5081533086566079,-1.5026796750781284,0.0,0.0,0.0,0.0,0.0,0.559004234197487,0.13523559851507205,-0.6346149239502519,-0.38913791638284,-1.0408329997330665,-0.3333333333333333,-1.3932610920384718,-0.29488391230979427,-0.3608982932086326,-0.46852128566581813,-0.6042908145846553,-0.7476003010091695,-0.19245008972987523,-0.8711982288537905,-0.8663223996297037,0.5852520748831728,-1.5385270499674615,0.0,0.0,0.0,0.0,0.0,-0.9845264800162247,1.579507948959024,-0.6536379407246852,-0.429552835902689,0.9801960588196068,-0.3333333333333333,-1.4248870236980302
-0.25819888974716115,-0.35706231281085266,-1.0051821405499444,-0.46852128566581813,-0.5644176327884939,-0.7080124164434933,-0.16552117772047362,-0.8493648392589926,-0.8580103685516041,1.0534696207710075,-1.4356633270886896,0.0,0.0,0.0,0.0,0.0,-0.16078388199402488,0.1213945114203608,-0.61915301115127,1.661086761030576,-1.020204061220407,-0.29488391230979427,-1.3333333333333335,-0.25819888974716115,-0.35706231281085266,-1.02818982697145,-0.46852128566581813,-0.5834397807807608,-0.7364596943186587,-0.16552117772047362,-0.87250601594972,-0.8750114867444861,1.0240376083826817,-1.5026796750781284,0.0,0.0,0.0,0.0,0.0,0.559004234197487,1.5587682144631994,-0.6346149239502519,1.5951347450594031,0.960768922830523,-0.3333333333333333,-1.3932610920384718,-0.29488391230979427,-0.3608982932086326,-0.46852128566581813,-0.19981235770068254,0.17536303357005206,-0.19245008972987523,0.7481293340714706,-0.15505606167428193,0.9840693038943188,0.52897898243719,0.0,0.0,0.0,0.0,0.0,-0.23867308606453935,-0.5743665268941905,1.730451812678422,1.5378647331172608,-1.020204061220407,-0.3333333333333333,0.7018100265975371
-0.25819888974716115,-0.35706231281085266,1.201099994107528,2.1343747458109497,-0.47581203894414636,-0.7080124164434933,-0.16552117772047362,-0.15029912793471892,0.4478245701571935,-1.0916115713199988,0.7756955542733174,0.0,0.0,0.0,0.0,0.0,-0.9264214152989053,-1.3067762111721197,0.056778223730029116,-0.5715567349782623,-1.020204061220407,-0.29488391230979427,0.75,-0.25819888974716115,-0.35706231281085266,0.8396290628555785,-0.46852128566581813,-0.4967473913631143,0.1841149235796646,-0.16552117772047362,0.174501203189944,1.2101879962300175,-1.0521950257366102,0.7431052926573674,0.0,0.0,0.0,0.0,0.0,-0.19640689309641438,-0.5765307094589915,-0.3668449138446604,-0.6096126565430893,0.960768922830523,-0.3333333333333333,0.7177405625652733,-0.29488391230979427,-0.3608982932086326,-0.46852128566581813,0.2855617905600848,0.17536303357005206,-0.19245008972987523,0.7481293340714706,0.48508364248559765,-1.0546463882174204,0.7306868880376438,0.0,0.0,0.0,0.0,0.0,-0.23867308606453935,-0.5743665268941905,0.604631651349177,-0.6481547880160168,-1.020204061220407,2.9999999999999996,0.7018100265975371
-0.25819888974716115,-0.35706231281085266,-1.0051821405499444,-0.46852128566581813,-0.5644176327884939,-0.7080124164434933,-0.16552117772047362,-0.8493648392589926,-0.8580103685516041,1.0534696207710075,-1.4356633270886896,0.0,0.0,0.0,0.0,0.0,-0.16078388199402488,-0.5926908498758795,-0.61915301115127,1.1029258870283665,0.9801960588196068,-0.29488391230979427,-1.3333333333333335,-0.25819888974716115,-0.35706231281085266,-1.11713358362988,-0.46852128566581813,-0.5834397807807608,-0.7364596943186587,-0.16552117772047362,-0.87250601594972,-0.797781876263949,1.024235974557916,-0.7041783532166187,0.0,0.0,0.0,0.0,0.0,0.559004234197487,-1.2882970174330552,-0.6346149239502519,1.04394789465878,-1.0408329997330665,-0.3333333333333333,0.7177405625652733,2.162482023605158,-0.3608982932086326,2.1343747458109497,2.874223914617511,-0.7476003010091695,-0.19245008972987523,1.7197258718266275,1.1252233466454773,0.995057125509932,0.7306868880376438,0.0,0.0,0.0,0.0,0.0,-0.9845264800162247,0.1435916317235476,0.008609212998400161,0.9913598528339413,0.9801960588196068,2.9999999999999996,0.7018100265975371
-0.25819888974716115,-0.35706231281085266,-0.7404282843910478,-0.46852128566581813,-0.5644176327884939,-0.7080124164434933,-0.16552117772047362,-0.8493648392589926,-0.8580103685516041,-2.133806990376495,-1.411092672851334,0.0,0.0,0.0,0.0,0.0,-0.9264214152989053,0.1213945114203608,-0.61915301115127,-0.5715567349782623,0.9801960588196068,-0.29488391230979427,-1.3333333333333335,-0.25819888974716115,1.3432344148598743,1.4622353594645878,2.1343747458109497,-0.5834397807807608,-0.7364596943186587,-0.16552117772047362,-0.523503609569832,-0.02548577145857727,-2.163971315866603,0.7431052926573674,0.0,0.0,0.0,0.0,0.0,-0.9518180203903158,-1.2882970174330552,-0.6346149239502519,-0.6096126565430893,-1.0408329997330665,-0.3333333333333333,0.7177405625652733,-0.29488391230979427,-0.3608982932086326,-0.46852128566581813,0.20466609918329023,2.0212897027284953,-0.19245008972987523,-0.22346720368368603,-0.2973093292653663,-2.1881554921688275,0.7306868880376438,0.0,0.0,0.0,0.0,0.0,1.2530337018388313,0.8615497903412858,-0.25628964849083397,-0.6481547880160168,0.9801960588196068,-0.3333333333333333,0.7018100265975371
-0.25819888974716115,3.0435311425306013,1.4658538502664247,-0.46852128566581813,0.9418774625654144,1.2055346550254076,3.972508265291367,2.2964308617002396,2.9058668077266945,0.7359428538945457,0.7756955542733174,0.0,0.0,0.0,0.0,0.0,0.6048536513108556,0.8354798727166011,1.4086406934926272,1.1029258870283665,0.9801960588196068,-0.29488391230979427,0.75,-0.25819888974716115,-0.35706231281085266,-1.02818982697145,-0.46852128566581813,-0.5834397807807608,-0.7364596943186587,-0.16552117772047362,-0.87250601594972,-0.8750114867444861,0.6800706605263582,-1.5026796750781284,0.0,0.0,0.0,0.0,0.0,0.559004234197487,0.8470019064891356,-0.6346149239502519,1.04394789465878,-1.0408329997330665,-0.3333333333333333,-1.3932610920384718,-0.29488391230979427,-0.3608982932086326,-0.46852128566581813,2.227058383603154,0.17536303357005206,-0.19245008972987523,0.7481293340714706,-0.3684359630609085,0.6370711842308795,0.7306868880376438,0.0,0.0,0.0,0.0,0.0,-0.23867308606453935,-1.2923246855119288,-0.05761550237390837,0.9913598528339413,0.9801960588196068,2.9999999999999996,0.7018100265975371
-0.25819888974716115,-0.35706231281085266,-1.0051821405499444,-0.46852128566581813,-0.5644176327884939,-0.7080124164434933,-0.16552117772047362,-0.8493648392589926,-0.8580103685516041,0.8174228823203479,-1.4356633270886896,0.0,0.0,0.0,0.0,0.0,-0.16078388199402488,-1.3067762111721197,-0.61915301115127,-1.129717608980472,0.9801960588196068,-0.29488391230979427,-1.3333333333333335,-0.25819888974716115,-0.35706231281085266,-1.02818982697145,-0.46852128566581813,-0.5834397807807608,-0.7364596943186587,-0.16552117772047362,-0.87250601594972,-0.8750114867444861,0.8578067535363154,-1.5026796750781284,0.0,0.0,0.0,0.0,0.0,-0.19640689309641438,0.8470019064891356,-0.6346149239502519,-1.1607995069437123,0.960768922830523,-0.3333333333333333,-1.3932610920384718,-0.29488391230979427,-0.3608982932086326,-0.46852128566581813,-0.6042908145846553,-0.7476003010091695,-0.19245008972987523,-0.8711982288537905,-0.8663223996297037,0.8862641263034902,-1.5385270499674615,0.0,0.0,0.0,0.0,0.0,-0.23867308606453935,0.1435916317235476,-0.6536379407246852,-1.1946596682993362,-1.020204061220407,-0.3333333333333333,-1.4248870236980302
2.32379000772445,1.3432344148598743,1.3776025648801258,-0.46852128566581813,0.41024389949932916,0.24876111929095712,-0.16552117772047362,0.8982994390516917,1.8304733287900379,0.16635742539024587,0.7756955542733174,0.0,0.0,0.0,0.0,0.0,-0.16078388199402488,2.2636505953090817,-0.07840802324623071,-0.5715567349782623,0.9801960588196068,3.391164991562634,0.75,-0.25819888974716115,-0.35706231281085266,0.3059665229049989,-0.46852128566581813,-0.5834397807807608,0.1841149235796646,-0.16552117772047362,-0.523503609569832,-0.10271538193911445,0.1923543576835589,0.7431052926573674,0.0,0.0,0.0,0.0,0.0,-0.9518180203903158,-0.5765307094589915,-0.6346149239502519,-0.6096126565430893,-1.0408329997330665,-0.3333333333333333,0.7177405625652733,-0.29488391230979427,-0.3608982932086326,-0.46852128566581813,-0.5233951232078607,0.17536303357005206,-0.19245008972987523,-0.22346720368368603,-0.012802794083197571,0.22753743784154282,0.6298329352374169,0.0,0.0,0.0,0.0,0.0,0.507180307887146,-0.5743665268941905,-0.12384021774621691,-0.6481547880160168,0.9801960588196068,-0.3333333333333333,0.7018100265975371
-0.25819888974716115,1.3432344148598743,0.7598435671760334,-0.46852128566581813,-0.5644176327884939,0.24876111929095712,-0.16552117772047362,-0.8493648392589926,-0.8580103685516041,-0.3049612810347585,0.7756955542733174,0.0,0.0,0.0,0.0,0.0,-0.16078388199402488,-0.5926908498758795,-0.61915301115127,-0.5715567349782623,-1.020204061220407,-0.29488391230979427,0.75,2.32379000772445,1.3432344148598743,1.3732916028061581,-0.46852128566581813,0.37017650281335035,0.1841149235796646,-0.16552117772047362,0.87250601594972,1.828024880074315,0.14725911384695517,0.7431052926573674,0.0,0.0,0.0,0.0,0.0,-0.19640689309641438,2.270534522437263,-0.09907490373906888,-0.6096126565430893,0.960768922830523,2.9999999999999996,0.7177405625652733,-0.29488391230979427,-0.3608982932086326,-0.46852128566581813,-0.6042908145846553,0.17536303357005206,-0.19245008972987523,-0.5473327162687383,-0.15505606167428193,0.17639658908739245,0.7306868880376438,0.0,0.0,0.0,0.0,0.0,-0.9845264800162247,-0.5743665268941905,-0.6536379407246852,-0.6481547880160168,-1.020204061220407,-0.3333333333333333,0.7018100265975371
2.32379000772445,-0.35706231281085266,1.2893512794938269,-0.46852128566581813,0.3216383056549816,0.24876111929095712,-0.16552117772047362,0.8982994390516917,0.6782660299293343,-1.7867098169873408,0.7756955542733174,0.0,0.0,0.0,0.0,0.0,2.1361287179206165,-0.5926908498758795,0.6651163351231982,-0.6831889097787043,-1.020204061220407,-0.29488391230979427,0.75,-0.25819888974716115,-0.35706231281085266,0.9285728195140084,-0.46852128566581813,-0.5834397807807608,0.1841149235796646,-0.16552117772047362,0.87250601594972,0.8240399438273316,-1.8084991298466886,0.7431052926573674,0.0,0.0,0.0,0.0,0.0,-0.19640689309641438,2.270534522437263,1.7753151670000715,-0.7198500266232138,0.960768922830523,-0.3333333333333333,0.7177405625652733,-0.29488391230979427,1.279548494103334,2.1343747458109497,0.20466609918329023,-0.7476003010091695,-0.19245008972987523,0.10039830890136621,0.48508364248559765,-1.8242008576664788,0.7306868880376438,0.0,0.0,0.0,0.0,0.0,-0.9845264800162247,-1.2923246855119288,-0.38873907923545103,-0.7574557640726807,-1.020204061220407,-0.3333333333333333,0.7018100265975371
2.32379000772445,-0.35706231281085266,0.8480948525623323,-0.46852128566581813,3.245622902518451,0.24876111929095712,-0.16552117772047362,2.2964308617002396,1.5232180490938503,0.8861191978869513,0.7756955542733174,0.0,0.0,0.0,0.0,0.0,-0.16078388199402488,0.1213945114203608,0.4623369646588086,1.661086761030576,0.9801960588196068,-0.29488391230979427,0.75,-0.25819888974716115,-0.35706231281085266,-0.6724148003377303,-0.46852128566581813,0.5435612816486433,0.1841149235796646,-0.16552117772047362,1.919513235089384,-0.10271538193911445,0.863889982910168,-0.6792251869084466,0.0,0.0,0.0,0.0,0.0,0.559004234197487,0.8470019064891356,3.3149927251072224,1.5951347450594031,-1.0408329997330665,-0.3333333333333333,-1.3932610920384718,-0.29488391230979427,-0.3608982932086326,-0.46852128566581813,-0.6042908145846553,-0.7476003010091695,-0.19245008972987523,-0.8711982288537905,-0.8663223996297037,0.8134189385555359,-1.5385270499674615,0.0,0.0,0.0,0.0,0.0,1.2530337018388313,0.1435916317235476,-0.6536379407246852,1.6471657091739247,-1.020204061220407,-0.3333333333333333,-1.4248870236980302
-0.25819888974716115,-0.35706231281085266,0.14208456947194117,-0.46852128566581813,0.41024389949932916,0.24876111929095712,-0.16552117772047362,0.8982994390516917,0.6014522100052874,-0.961450131299066,0.7756955542733174,0.0,0.0,0.0,0.0,0.0,-0.16078388199402488,-0.5926908498758795,0.6651163351231982,-0.5715567349782623,-1.020204061220407,3.391164991562634,0.75,-0.25819888974716115,-0.35706231281085266,0.4838540362218588,-0.46852128566581813,-0.4967473913631143,1.1046895414779878,-0.16552117772047362,-0.174501203189944,0.5151215019051829,-0.9633269792316317,0.7431052926573674,0.0,0.0,0.0,0.0,0.0,0.559004234197487,-1.2882970174330552,-0.2999024113182625,-0.6096126565430893,0.960768922830523,-0.3333333333333333,0.7177405625652733,-0.29488391230979427,-0.3608982932086326,-0.46852128566581813,-0.6042908145846553,1.0983263681492736,-0.19245008972987523,-0.22346720368368603,0.7695901776677664,-0.9192655737435689,0.7306868880376438,0.0,0.0,0.0,0.0,0.0,-0.9845264800162247,0.1435916317235476,-0.6536379407246852,-0.6481547880160168,-1.020204061220407,-0.3333333333333333,0.7018100265975371
-0.25819888974716115,-0.35706231281085266,-1.0051821405499444,-0.46852128566581813,-0.5644176327884939,-0.7080124164434933,-0.16552117772047362,-0.8493648392589926,-0.8580103685516041,-1.8734841103346294,-1.4356633270886896,0.0,0.0,0.0,0.0,0.0,-0.16078388199402488,-0.5926908498758795,-0.61915301115127,-0.6831889097787043,0.9801960588196068,-0.29488391230979427,-1.3333333333333335,2.32379000772445,-0.35706231281085266,1.2843478461477282,-0.46852128566581813,0.2834841133957039,0.1841149235796646,-0.16552117772047362,0.87250601594972,0.6695807228662572,-1.852933153099178,0.7431052926573674,0.0,0.0,0.0,0.0,0.0,2.06982648878529,-0.5765307094589915,0.6372926240513077,-0.7198500266232138,-1.0408329997330665,-0.3333333333333333,0.7177405625652733,-0.29488391230979427,-0.3608982932086326,-0.46852128566581813,-0.6042908145846553,0.17536303357005206,-0.19245008972987523,0.7481293340714706,0.6984635438722242,-1.8760199670141855,0.7306868880376438,0.0,0.0,0.0,0.0,0.0,-0.23867308606453935,2.297466107576762,1.730451812678422,-0.7574557640726807,0.9801960588196068,-0.3333333333333333,0.7018100265975371
-0.25819888974716115,-0.35706231281085266,-1.0051821405499444,-0.46852128566581813,-0.5644176327884939,-0.7080124164434933,-0.16552117772047362,-0.8493648392589926,-0.8580103685516041,0.8861191978869513,-1.4356633270886896,0.0,0.0,0.0,0.0,0.0,-0.16078388199402488,0.1213945114203608,-0.61915301115127,-1.129717608980472,-1.020204061220407,-0.29488391230979427,-1.3333333333333335,-0.25819888974716115,-0.35706231281085266,-1.02818982697145,-0.46852128566581813,-0.5834397807807608,-0.7364596943186587,-0.16552117772047362,-0.87250601594972,-0.8750114867444861,0.9022407767888047,-1.5026796750781284,0.0,0.0,0.0,0.0,0.0,-0.9518180203903158,-0.5765307094589915,-0.6346149239502519,-1.1607995069437123,-1.0408329997330665,-0.3333333333333333,-1.3932610920384718,-0.29488391230979427,-0.3608982932086326,-0.46852128566581813,-0.6042908145846553,-0.7476003010091695,-0.19245008972987523,-0.8711982288537905,-0.8663223996297037,0.9563962716772189,-1.5385270499674615,0.0,0.0,0.0,0.0,0.0,0.507180307887146,-0.5743665268941905,-0.6536379407246852,-1.1946596682993362,0.9801960588196068,-0.3333333333333333,-1.4248870236980302
-0.25819888974716115,-0.35706231281085266,-0.56392571361845,-0.46852128566581813,2.53677815176367,0.24876111929095712,-0.16552117772047362,0.8982994390516917,-0.32031362908327565,0.6489103037218189,0.7756955542733174,0.0,0.0,0.0,0.0,0.0,-0.16078388199402488,-1.3067762111721197,-0.010814899758100795,1.1029258870283665,0.9801960588196068,3.391164991562634,0.75,-0.25819888974716115,-0.35706231281085266,-0.40558353036244055,-0.46852128566581813,1.0637156181545222,2.025264159376311,-0.16552117772047362,-0.174501203189944,-0.4888634343418003,0.5976825757457009,0.6183394611165065,0.0,0.0,0.0,0.0,0.0,-0.19640689309641438,1.5587682144631994,-0.3668449138446604,1.04394789465878,-1.0408329997330665,-0.3333333333333333,0.7177405625652733,-0.29488391230979427,-0.3608982932086326,-0.46852128566581813,0.609144556067263,1.0983263681492736,-0.19245008972987523,-0.22346720368368603,-0.5106892306519928,0.5003338485699151,0.7306868880376438,0.0,0.0,0.0,0.0,0.0,0.507180307887146,0.1435916317235476,-0.521188509980068,0.9913598528339413,0.9801960588196068,2.9999999999999996,0.7018100265975371
2.32379000772445,-0.35706231281085266,0.23033585485824007,-0.46852128566581813,2.359566964074975,0.24876111929095712,-0.16552117772047362,2.2964308617002396,1.1391489494736158,0.2965188654111786,0.7756955542733174,0.0,0.0,0.0,0.0,0.0,-0.16078388199402488,0.8354798727166011,1.7466063109332768,1.772718935831018,0.9801960588196068,-0.29488391230979427,0.75,-0.25819888974716115,-0.35706231281085266,-0.13875226038715074,-0.46852128566581813,2.190716680583926,2.025264159376311,-0.16552117772047362,1.221508422329608,-0.6433226553028747,0.2361271603519338,0.7431052926573674,0.0,0.0,0.0,0.0,0.0,1.3144153614913885,-0.5765307094589915,1.5075451568944802,1.7053721151395276,0.960768922830523,2.9999999999999996,0.7177405625652733,2.162482023605158,2.9199952814153,-0.46852128566581813,3.359598062878278,0.17536303357005206,3.656551704867629,3.662918947336941,3.685782163284996,0.1750400679002797,0.4785520060370766,0.0,0.0,0.0,0.0,0.0,1.9988870957905165,-0.5743665268941905,1.6642270973061135,1.5378647331172608,-1.020204061220407,-0.3333333333333333,0.7018100265975371
-0.25819888974716115,-0.35706231281085266,-0.6521769990047489,-0.46852128566581813,-0.3872064450997988,0.24876111929095712,-0.16552117772047362,0.19923372772741796,-0.47394126893136945,0.7359428538945457,-0.32998388640768617,0.0,0.0,0.0,0.0,0.0,-0.16078388199402488,-0.5926908498758795,1.2058613230282376,1.661086761030576,0.9801960588196068,-0.29488391230979427,-1.3333333333333335,2.32379000772445,1.3432344148598743,0.4838540362218588,-0.46852128566581813,0.37017650281335035,0.1841149235796646,-0.16552117772047362,0.87250601594972,-0.4888634343418003,0.6800706605263582,0.7431052926573674,0.0,0.0,0.0,0.0,0.0,-0.19640689309641438,-0.5765307094589915,1.5744876594208779,1.5951347450594031,-1.0408329997330665,-0.3333333333333333,0.7177405625652733,-0.29488391230979427,-0.3608982932086326,-0.46852128566581813,1.0136230129512358,0.17536303357005206,-0.19245008972987523,0.7481293340714706,-0.2261826954698241,0.637342488468302,0.7306868880376438,0.0,0.0,0.0,0.0,0.0,-0.23867308606453935,-0.5743665268941905,0.6708563667214855,1.5378647331172608,0.9801960588196068,-0.3333333333333333,0.7018100265975371
-0.25819888974716115,-0.35706231281085266,-1.0051821405499444,-0.46852128566581813,-0.5644176327884939,-0.7080124164434933,-0.16552117772047362,-0.8493648392589926,-0.8580103685516041,0.9101370826527185,-1.4356633270886896,0.0,0.0,0.0,0.0,0.0,-0.16078388199402488,1.5495652340128414,-0.61915301115127,-0.5715567349782623,-1.020204061220407,-0.29488391230979427,-1.3333333333333335,-0.25819888974716115,-0.35706231281085266,-0.6724148003377303,-0.46852128566581813,0.2834841133957039,-0.7364596943186587,-0.16552117772047362,-0.523503609569832,-0.4116338238612631,0.946674800041294,-1.3529606772290952,0.0,0.0,0.0,0.0,0.0,-0.9518180203903158,0.8470019064891356,-0.6346149239502519,-0.6096126565430893,0.960768922830523,-0.3333333333333333,-1.3932610920384718,-0.29488391230979427,-0.3608982932086326,-0.46852128566581813,-0.5233951232078607,-0.7476003010091695,-0.19245008972987523,-0.22346720368368603,0.5562102762811398,0.9957353861034883,-0.20221217536445502,0.0,0.0,0.0,0.0,0.0,-0.9845264800162247,-0.5743665268941905,-0.25628964849083397,-0.6481547880160168,-1.020204061220407,-0.3333333333333333,-1.4248870236980302
-0.25819888974716115,4.743827870201328,2.701371845674609,-0.46852128566581813,-0.5644176327884939,-0.7080124164434933,8.110537708303207,4.044095140010924,4.442143206207633,0.43197457035359765,-0.32998388640768617,0.0,0.0,0.0,0.0,0.0,-0.16078388199402488,0.8354798727166011,4.1123656330178235,1.661086761030576,0.9801960588196068,-0.29488391230979427,-1.3333333333333335,-0.25819888974716115,-0.35706231281085266,-1.11713358362988,-0.46852128566581813,-0.06328544427488196,0.1841149235796646,-0.16552117772047362,0.523503609569832,-0.4116338238612631,0.36876800952528727,0.7431052926573674,0.0,0.0,0.0,0.0,0.0,1.3144153614913885,-0.5765307094589915,1.7083726644736736,1.5951347450594031,-1.0408329997330665,-0.3333333333333333,0.7177405625652733,2.162482023605158,-0.3608982932086326,-0.46852128566581813,2.0652670008495653,0.17536303357005206,-0.19245008972987523,2.0435913844116795,0.9829700790543929,0.2668765522678123,0.7306868880376438,0.0,0.0,0.0,0.0,0.0,-0.23867308606453935,0.8615497903412858,1.6642270973061135,1.6471657091739247,0.9801960588196068,-0.3333333333333333,0.7018100265975371
-0.25819888974716115,-0.35706231281085266,0.31858714024453894,-0.46852128566581813,-0.5644176327884939,1.2055346550254076,-0.16552117772047362,-0.4998319835968558,0.21738311038505279,-0.39896676549432103,0.7756955542733174,0.0,0.0,0.0,0.0,0.0,0.6048536513108556,0.1213945114203608,-0.61915301115127,-0.5715567349782623,-1.020204061220407,-0.29488391230979427,0.75,-0.25819888974716115,-0.35706231281085266,-0.3166397737040106,-0.46852128566581813,-0.5834397807807608,0.1841149235796646,-0.16552117772047362,-0.523503609569832,-0.2571746029001888,-0.3981156239306219,0.7431052926573674,0.0,0.0,0.0,0.0,0.0,-0.19640689309641438,1.5587682144631994,-0.5007299188974561,-0.6096126565430893,0.960768922830523,-0.3333333333333333,0.7177405625652733,-0.29488391230979427,2.9199952814153,2.1343747458109497,0.4473531733136739,-0.7476003010091695,-0.19245008972987523,0.10039830890136621,0.1294504735078868,-0.40310926204717074,0.7306868880376438,0.0,0.0,0.0,0.0,0.0,-0.9845264800162247,-1.2923246855119288,-0.38873907923545103,-0.6481547880160168,0.9801960588196068,-0.3333333333333333,0.7018100265975371
-0.25819888974716115,-0.35706231281085266,-0.03441800130065662,-0.46852128566581813,-0.12138966356675615,0.24876111929095712,-0.16552117772047362,0.8982994390516917,-0.08987216931113488,0.9792207834574794,0.5791303203744723,0.0,0.0,0.0,0.0,0.0,-0.16078388199402488,-0.5926908498758795,1.8141994344214067,1.661086761030576,-1.020204061220407,-0.29488391230979427,0.75,-0.25819888974716115,-0.35706231281085266,-0.6724148003377303,-0.46852128566581813,0.45686889223099686,1.1046895414779878,-0.16552117772047362,-0.523503609569832,-0.8750114867444861,0.9527580294151468,0.7431052926573674,0.0,0.0,0.0,0.0,0.0,-0.9518180203903158,0.13523559851507205,-0.3668449138446604,1.5951347450594031,-1.0408329997330665,2.9999999999999996,0.7177405625652733,-0.29488391230979427,-0.3608982932086326,-0.46852128566581813,0.6900402474440577,-0.7476003010091695,-0.19245008972987523,1.3958603592415753,-0.7240691320386193,0.9045771623295121,-0.40392008096490883,0.0,0.0,0.0,0.0,0.0,-0.23867308606453935,-0.5743665268941905,3.2536202662415183,1.5378647331172608,0.9801960588196068,-0.3333333333333333,-1.4248870236980302
-0.25819888974716115,-0.35706231281085266,-1.269935996708841,-0.46852128566581813,1.9165389948532374,5.032628797963209,-0.16552117772047362,0.8982994390516917,-0.47394126893136945,0.46877616797856375,0.7756955542733174,0.0,0.0,0.0,0.0,0.0,-0.16078388199402488,2.9777359566053216,0.5299300881469384,1.772718935831018,-1.020204061220407,3.391164991562634,0.75,-0.25819888974716115,4.743827870201328,2.7074479526826067,-0.46852128566581813,-0.5834397807807608,-0.7364596943186587,8.110537708303207,4.013527673368712,4.453831636412579,0.41928526215162926,-0.37978719121038046,0.0,0.0,0.0,0.0,0.0,-0.19640689309641438,0.8470019064891356,4.051360252897599,1.5951347450594031,0.960768922830523,-0.3333333333333333,-1.3932610920384718,-0.29488391230979427,-0.3608982932086326,-0.46852128566581813,-0.11891666632388798,0.17536303357005206,-0.19245008972987523,0.42426382148641845,-0.43956259685645066,0.35735651544823216,0.7306868880376438,0.0,0.0,0.0,0.0,0.0,1.2530337018388313,-0.5743665268941905,1.6642270973061135,1.5378647331172608,-1.020204061220407,-0.3333333333333333,0.7018100265975371
-0.25819888974716115,-0.35706231281085266,-1.0051821405499444,-0.46852128566581813,-0.5644176327884939,-0.7080124164434933,-0.16552117772047362,-0.8493648392589926,-0.8580103685516041,0.6866158002358193,-1.4356633270886896,0.0,0.0,0.0,0.0,0.0,0.6048536513108556,0.8354798727166011,-0.61915301115127,-1.129717608980472,0.9801960588196068,-0.29488391230979427,-1.3333333333333335,-0.25819888974716115,-0.35706231281085266,-1.02818982697145,-0.46852128566581813,-0.5834397807807608,-0.7364596943186587,-0.16552117772047362,-0.87250601594972,-0.8750114867444861,0.7305879131527002,-1.5026796750781284,0.0,0.0,0.0,0.0,0.0,-0.9518180203903158,0.8470019064891356,-0.6346149239502519,-1.1607995069437123,-1.0408329997330665,-0.3333333333333333,-1.3932610920384718,-0.29488391230979427,-0.3608982932086326,-0.46852128566581813,-0.6042908145846553,-0.7476003010091695,-0.19245008972987523,-0.8711982288537905,-0.8663223996297037,0.8140971991490923,-1.5385270499674615,0.0,0.0,0.0,0.0,0.0,-0.23867308606453935,-1.2923246855119288,-0.6536379407246852,-1.1946596682993362,0.9801960588196068,-0.3333333333333333,-1.4248870236980302
-0.25819888974716115,-0.35706231281085266,-0.6521769990047489,-0.46852128566581813,0.5874550871880242,0.24876111929095712,-0.16552117772047362,1.9468980060381025,-0.08987216931113488,0.8661042939154784,-0.6248317372559538,0.0,0.0,0.0,0.0,0.0,0.6048536513108556,0.8354798727166011,3.368841274648395,1.661086761030576,-1.020204061220407,-0.29488391230979427,-1.3333333333333335,-0.25819888974716115,-0.35706231281085266,-1.02818982697145,-0.46852128566581813,-0.5834397807807608,-0.7364596943186587,-0.16552117772047362,-0.87250601594972,-0.8750114867444861,0.8133727302838261,-1.5026796750781284,0.0,0.0,0.0,0.0,0.0,1.3144153614913885,0.13523559851507205,-0.6346149239502519,1.7053721151395276,-1.0408329997330665,-0.3333333333333333,-1.3932610920384718,-0.29488391230979427,-0.3608982932086326,-0.46852128566581813,-0.4424994318310662,0.17536303357005206,-0.19245008972987523,0.10039830890136621,-0.5106892306519928,0.7285007122422783,-0.40392008096490883,0.0,0.0,0.0,0.0,0.0,-0.23867308606453935,-0.5743665268941905,1.1344293743276452,1.5378647331172608,0.9801960588196068,-0.3333333333333333,-1.4248870236980302
-0.25819888974716115,1.3432344148598743,1.201099994107528,2.1343747458109497,1.207694244098457,-0.7080124164434933,-0.16552117772047362,0.5487665833895549,0.3710107502331466,-1.6739807126834974,0.7756955542733174,0.0,0.0,0.0,0.0,0.0,-0.9264214152989053,-0.5926908498758795,-0.34878051719875036,-0.6831889097787043,0.9801960588196068,-0.29488391230979427,0.75,-0.25819888974716115,-0.35706231281085266,0.039135252929709125,-0.46852128566581813,0.2834841133957039,0.1841149235796646,-0.16552117772047362,0.174501203189944,0.6695807228662572,-1.712886633383743,0.7431052926573674,0.0,0.0,0.0,0.0,0.0,0.559004234197487,-0.5765307094589915,-0.5007299188974561,-0.7198500266232138,-1.0408329997330665,-0.3333333333333333,0.7177405625652733,-0.29488391230979427,-0.3608982932086326,2.1343747458109497,-0.6042908145846553,-0.7476003010091695,-0.19245008972987523,-0.8711982288537905,-0.3684359630609085,-1.7392826313532213,0.22641712403650932,0.0,0.0,0.0,0.0,0.0,-0.9845264800162247,1.579507948959024,-0.6536379407246852,-0.7574557640726807,0.9801960588196068,-0.3333333333333333,0.7018100265975371
-0.25819888974716115,-0.35706231281085266,-1.0051821405499444,-0.46852128566581813,-0.5644176327884939,-0.7080124164434933,-0.16552117772047362,-0.8493648392589926,-0.8580103685516041,0.9035515336040404,-1.4356633270886896,0.0,0.0,0.0,0.0,0.0,-0.9264214152989053,-0.5926908498758795,-0.61915301115127,-1.129717608980472,-1.020204061220407,-0.29488391230979427,-1.3333333333333335,-0.25819888974716115,-0.35706231281085266,-1.02818982697145,-0.46852128566581813,-0.5834397807807608,-0.7364596943186587,-0.16552117772047362,-0.87250601594972,-0.8750114867444861,0.9527580294151468,-1.5026796750781284,0.0,0.0,0.0,0.0,0.0,0.559004234197487,-0.5765307094589915,-0.6346149239502519,-1.1607995069437123,0.960768922830523,-0.3333333333333333,-1.3932610920384718,-0.29488391230979427,-0.3608982932086326,-0.46852128566581813,-0.6042908145846553,-0.7476003010091695,-0.19245008972987523,-0.8711982288537905,-0.8663223996297037,1.0230014619644545,-1.5385270499674615,0.0,0.0,0.0,0.0,0.0,1.9988870957905165,-0.5743665268941905,-0.6536379407246852,-1.1946596682993362,0.9801960588196068,-0.3333333333333333,-1.4248870236980302
-0.25819888974716115,-0.35706231281085266,-1.0051821405499444,-0.46852128566581813,-0.5644176327884939,-0.7080124164434933,-0.16552117772047362,-0.8493648392589926,-0.8580103685516041,0.8167772402567519,-1.4356633270886896,0.0,0.0,0.0,0.0,0.0,-0.16078388199402488,1.5495652340128414,-0.61915301115127,-0.5715567349782623,0.9801960588196068,-0.29488391230979427,-1.3333333333333335,-0.25819888974716115,-0.35706231281085266,-1.02818982697145,-0.46852128566581813,-0.5834397807807608,-0.7364596943186587,-0.16552117772047362,-0.87250601594972,-0.8750114867444861,0.8591291947045443,-1.5026796750781284,0.0,0.0,0.0,0.0,0.0,-0.9518180203903158,-0.5765307094589915,-0.6346149239502519,-0.6096126565430893,0.960768922830523,-0.3333333333333333,-1.3932610920384718,-0.29488391230979427,-0.3608982932086326,-0.46852128566581813,-0.6042908145846553,-0.7476003010091695,-0.19245008972987523,-0.8711982288537905,-0.8663223996297037,0.8927754280016312,-1.5385270499674615,0.0,0.0,0.0,0.0,0.0,-0.9845264800162247,0.8615497903412858,-0.6536379407246852,-0.6481547880160168,-1.020204061220407,-0.3333333333333333,-1.4248870236980302
-0.25819888974716115,-0.35706231281085266,-1.0051821405499444,-0.46852128566581813,-0.5644176327884939,-0.7080124164434933,-0.16552117772047362,-0.8493648392589926,-0.8580103685516041,0.8601643869303962,-1.4356633270886896,0.0,0.0,0.0,0.0,0.0,-0.16078388199402488,0.8354798727166011,-0.61915301115127,-1.129717608980472,0.9801960588196068,-0.29488391230979427,-1.3333333333333335,-0.25819888974716115,-0.35706231281085266,-1.02818982697145,-0.46852128566581813,-0.5834397807807608,-0.7364596943186587,-0.16552117772047362,-0.87250601594972,-0.8750114867444861,0.8843878210177153,-1.5026796750781284,0.0,0.0,0.0,0.0,0.0,-0.19640689309641438,0.13523559851507205,-0.6346149239502519,-1.1607995069437123,-1.0408329997330665,-0.3333333333333333,-1.3932610920384718,-0.29488391230979427,-0.3608982932086326,-0.46852128566581813,-0.6042908145846553,-0.7476003010091695,-0.19245008972987523,-0.8711982288537905,-0.8663223996297037,0.9045771623295121,-1.5385270499674615,0.0,0.0,0.0,0.0,0.0,-0.9845264800162247,-0.5743665268941905,-0.6536379407246852,-1.1946596682993362,-1.020204061220407,-0.3333333333333333,-1.4248870236980302
-0.25819888974716115,3.0435311425306013,1.2893512794938269,2.1343747458109497,0.5874550871880242,-0.7080124164434933,-0.16552117772047362,0.19923372772741796,0.21738311038505279,-0.3412463650088479,0.7756955542733174,0.0,0.0,0.0,0.0,0.0,-0.9264214152989053,-1.3067762111721197,-0.34878051719875036,-0.5715567349782623,0.9801960588196068,-0.29488391230979427,0.75,-0.25819888974716115,1.3432344148598743,0.7506853061971486,-0.46852128566581813,-0.5834397807807608,0.1841149235796646,-0.16552117772047362,-0.87250601594972,-0.8750114867444861,-0.33543191255657445,0.7431052926573674,0.0,0.0,0.0,0.0,0.0,-0.19640689309641438,-0.5765307094589915,-0.6346149239502519,-0.6096126565430893,-1.0408329997330665,-0.3333333333333333,0.7177405625652733,2.162482023605158,1.279548494103334,-0.46852128566581813,0.2855617905600848,0.17536303357005206,-0.19245008972987523,0.7481293340714706,1.6231097832142725,0.13013921660684796,0.7306868880376438,0.0,0.0,0.0,0.0,0.0,-0.23867308606453935,2.297466107576762,-0.12384021774621691,-0.6481547880160168,0.9801960588196068,2.9999999999999996,0.7018100265975371
-0.25819888974716115,-0.35706231281085266,0.9363461379486312,-0.46852128566581813,-0.5644176327884939,0.24876111929095712,-0.16552117772047362,0.8982994390516917,0.8318936697774281,-1.7433226703136966,0.7756955542733174,0.0,0.0,0.0,0.0,0.0,-0.16078388199402488,2.2636505953090817,1.8141994344214067,-0.6831889097787043,0.9801960588196068,-0.29488391230979427,0.75,-0.25819888974716115,1.3432344148598743,1.3732916028061581,2.1343747458109497,0.2834841133957039,-0.7364596943186587,-0.16552117772047362,0.174501203189944,0.5923511123857201,-1.7579818772203466,0.7431052926573674,0.0,0.0,0.0,0.0,0.0,-0.9518180203903158,-1.2882970174330552,-0.3668449138446604,-0.7198500266232138,-1.0408329997330665,-0.3333333333333333,0.7177405625652733,-0.29488391230979427,1.279548494103334,2.1343747458109497,1.0136230129512358,-0.7476003010091695,-0.19245008972987523,0.42426382148641845,0.27170374109897116,-1.8031747792662314,0.7306868880376438,0.0,0.0,0.0,0.0,0.0,-0.9845264800162247,-0.5743665268941905,-0.38873907923545103,-0.7574557640726807,0.9801960588196068,-0.3333333333333333,0.7018100265975371
-0.25819888974716115,-0.35706231281085266,-0.2109205720732544,-0.46852128566581813,0.05582152412193894,3.1190817264943083,-0.16552117772047362,-0.4998319835968558,-0.5507550888554164,0.9094914405891227,0.13685854410207088,0.0,0.0,0.0,0.0,0.0,-0.9264214152989053,2.2636505953090817,-0.55155988766314,1.1029258870283665,-1.020204061220407,-0.29488391230979427,0.75,-0.25819888974716115,-0.35706231281085266,-0.8503023136545902,-0.46852128566581813,0.45686889223099686,0.1841149235796646,-0.16552117772047362,0.87250601594972,0.20620305998303423,0.8909339048004481,0.7431052926573674,0.0,0.0,0.0,0.0,0.0,0.559004234197487,-0.5765307094589915,0.9050626341568992,1.04394789465878,-1.0408329997330665,-0.3333333333333333,0.7177405625652733,-0.29488391230979427,-0.3608982932086326,-0.46852128566581813,1.0945187043280304,0.17536303357005206,-0.19245008972987523,-0.22346720368368603,-0.6529424982430772,0.8652380479032427,0.7306868880376438,0.0,0.0,0.0,0.0,0.0,-0.23867308606453935,-0.5743665268941905,-0.521188509980068,0.9913598528339413,0.9801960588196068,-0.3333333333333333,0.7018100265975371
-0.25819888974716115,-0.35706231281085266,0.14208456947194117,-0.46852128566581813,-0.5644176327884939,0.24876111929095712,-0.16552117772047362,0.19923372772741796,0.21738311038505279,-0.6152568567989464,0.7756955542733174,0.0,0.0,0.0,0.0,0.0,0.6048536513108556,-0.5926908498758795,0.8003025820994581,-0.5715567349782623,-1.020204061220407,3.391164991562634,0.75,-0.25819888974716115,-0.35706231281085266,0.3059665229049989,-0.46852128566581813,-0.5834397807807608,2.025264159376311,-0.16552117772047362,-0.523503609569832,0.36066228094410857,-0.6094417226135919,0.7431052926573674,0.0,0.0,0.0,0.0,0.0,-0.9518180203903158,0.8470019064891356,-0.6346149239502519,-0.6096126565430893,-1.0408329997330665,-0.3333333333333333,0.7177405625652733,-0.29488391230979427,-0.3608982932086326,-0.46852128566581813,-0.6042908145846553,0.17536303357005206,-0.19245008972987523,-0.22346720368368603,0.34283037489451335,-0.5935648367177997,0.7306868880376438,0.0,0.0,0.0,0.0,0.0,-0.23867308606453935,3.0154242661945005,-0.19006493311852543,-0.6481547880160168,0.9801960588196068,-0.3333333333333333,0.7018100265975371
-0.25819888974716115,1.3432344148598743,1.112848708721229,-0.46852128566581813,1.0304830564097618,2.1623081907598576,-0.16552117772047362,0.19923372772741796,0.3710107502331466,0.43197457035359765,0.6774129373238948,0.0,0.0,0.0,0.0,0.0,-0.16078388199402488,0.8354798727166011,-0.61915301115127,1.1029258870283665,-1.020204061220407,-0.29488391230979427,0.75,-0.25819888974716115,-0.35706231281085266,-0.13875226038715074,-0.46852128566581813,-0.23667022311017488,2.025264159376311,-0.16552117772047362,-0.523503609569832,0.12897344950249706,0.36876800952528727,0.7431052926573674,0.0,0.0,0.0,0.0,0.0,1.3144153614913885,-0.5765307094589915,-0.6346149239502519,1.04394789465878,0.960768922830523,2.9999999999999996,0.7177405625652733,2.162482023605158,-0.3608982932086326,2.1343747458109497,1.4181014698352086,-0.7476003010091695,-0.19245008972987523,1.071994846656523,1.409729881827646,0.26104351116322755,0.7306868880376438,0.0,0.0,0.0,0.0,0.0,0.507180307887146,-0.5743665268941905,-0.38873907923545103,0.9913598528339413,-1.020204061220407,-0.3333333333333333,0.7018100265975371
-0.25819888974716115,1.3432344148598743,1.2893512794938269,2.1343747458109497,-0.5644176327884939,-0.7080124164434933,-0.16552117772047362,-0.4998319835968558,0.2941969303090997,-0.6520584544239124,0.7756955542733174,0.0,0.0,0.0,0.0,0.0,-0.9264214152989053,0.1213945114203608,-0.48396676417501017,-0.5715567349782623,0.9801960588196068,-0.29488391230979427,0.75,-0.25819888974716115,-0.35706231281085266,0.12807900958813906,-0.46852128566581813,0.2834841133957039,0.1841149235796646,-0.16552117772047362,-0.174501203189944,0.36066228094410857,-0.6709352369362332,0.7431052926573674,0.0,0.0,0.0,0.0,0.0,2.8252376160791917,-0.5765307094589915,-0.5007299188974561,-0.6096126565430893,-1.0408329997330665,-0.3333333333333333,0.7177405625652733,-0.29488391230979427,-0.3608982932086326,-0.46852128566581813,-0.6042908145846553,0.17536303357005206,-0.19245008972987523,0.10039830890136621,0.1294504735078868,-0.6909630579524945,0.7306868880376438,0.0,0.0,0.0,0.0,0.0,0.507180307887146,-0.5743665268941905,0.737081082093794,-0.6481547880160168,-1.020204061220407,2.9999999999999996,0.7018100265975371
-0.25819888974716115,-0.35706231281085266,1.4658538502664247,2.1343747458109497,-0.5644176327884939,-0.7080124164434933,-0.16552117772047362,-0.15029912793471892,0.3710107502331466,-1.2534094724571303,0.7756955542733174,0.0,0.0,0.0,0.0,0.0,1.3704911846157362,-1.3067762111721197,-0.34878051719875036,-0.6831889097787043,-1.020204061220407,-0.29488391230979427,0.75,-0.25819888974716115,-0.35706231281085266,1.1064603328308682,2.1343747458109497,-0.5834397807807608,-0.7364596943186587,-0.16552117772047362,0.174501203189944,0.5151215019051829,-1.2750263625831713,0.7431052926573674,0.0,0.0,0.0,0.0,0.0,-0.9518180203903158,-1.2882970174330552,0.5034076189985119,-0.7198500266232138,0.960768922830523,-0.3333333333333333,0.7177405625652733,-0.29488391230979427,-0.3608982932086326,2.1343747458109497,-0.6042908145846553,-0.7476003010091695,-0.19245008972987523,-0.5473327162687383,0.27170374109897116,-1.307976719910725,0.7306868880376438,0.0,0.0,0.0,0.0,0.0,-0.9845264800162247,-1.2923246855119288,-0.521188509980068,-0.7574557640726807,-1.020204061220407,-0.3333333333333333,0.7018100265975371
-0.25819888974716115,-0.35706231281085266,0.4950897110171367,-0.46852128566581813,-0.47581203894414636,1.2055346550254076,-0.16552117772047362,-0.15029912793471892,0.5246383900812405,-0.9180629846254218,0.7756955542733174,0.0,0.0,0.0,0.0,0.0,0.6048536513108556,-1.3067762111721197,-0.2811873937106204,-0.5715567349782623,0.9801960588196068,-0.29488391230979427,0.75,-0.25819888974716115,-0.35706231281085266,0.3059665229049989,-0.46852128566581813,-0.5834397807807608,1.1046895414779878,-0.16552117772047362,-0.174501203189944,0.9012695543078688,-0.8757813738948819,0.7431052926573674,0.0,0.0,0.0,0.0,0.0,-0.9518180203903158,0.13523559851507205,-0.6346149239502519,-0.6096126565430893,-1.0408329997330665,-0.3333333333333333,0.7177405625652733,-0.29488391230979427,-0.3608982932086326,-0.46852128566581813,-0.6042908145846553,0.17536303357005206,-0.19245008972987523,-0.5473327162687383,-0.2261826954698241,-0.8660899432087494,0.7306868880376438,0.0,0.0,0.0,0.0,0.0,-0.23867308606453935,0.1435916317235476,-0.12384021774621691,-0.6481547880160168,0.9801960588196068,-0.3333333333333333,0.7018100265975371
-0.25819888974716115,-0.35706231281085266,0.31858714024453894,-0.46852128566581813,-0.5644176327884939,0.24876111929095712,-0.16552117772047362,-0.4998319835968558,-0.08987216931113488,0.210390214127486,0.7756955542733174,0.0,0.0,0.0,0.0,0.0,-0.9264214152989053,-0.5926908498758795,-0.61915301115127,-0.5715567349782623,-1.020204061220407,-0.29488391230979427,0.75,-0.25819888974716115,-0.35706231281085266,0.3059665229049989,-0.46852128566581813,-0.4967473913631143,0.1841149235796646,-0.16552117772047362,-0.174501203189944,0.0517438390219599,0.24221038972578648,0.6432926274246787,0.0,0.0,0.0,0.0,0.0,0.559004234197487,-0.5765307094589915,-0.09907490373906888,-0.6096126565430893,0.960768922830523,-0.3333333333333333,0.7177405625652733,-0.29488391230979427,-0.3608982932086326,-0.46852128566581813,-0.6042908145846553,-0.7476003010091695,-0.19245008972987523,-0.8711982288537905,-0.8663223996297037,0.2668765522678123,-1.5385270499674615,0.0,0.0,0.0,0.0,0.0,-0.23867308606453935,0.8615497903412858,-0.6536379407246852,-0.6481547880160168,-1.020204061220407,-0.3333333333333333,-1.4248870236980302
-0.25819888974716115,-0.35706231281085266,1.201099994107528,2.1343747458109497,-0.47581203894414636,-0.7080124164434933,-0.16552117772047362,-0.15029912793471892,0.6782660299293343,-1.1297044530721567,0.7756955542733174,0.0,0.0,0.0,0.0,0.0,-0.9264214152989053,-0.5926908498758795,-0.61915301115127,-0.5715567349782623,0.9801960588196068,-0.29488391230979427,0.75,-0.25819888974716115,-0.35706231281085266,1.195404089489298,2.1343747458109497,-0.4967473913631143,-0.7364596943186587,-0.16552117772047362,-0.174501203189944,0.43789189142464574,-1.1410630722415889,0.7431052926573674,0.0,0.0,0.0,0.0,0.0,-0.9518180203903158,-1.2882970174330552,0.03481010131372687,-0.6096126565430893,-1.0408329997330665,-0.3333333333333333,0.7177405625652733,-0.29488391230979427,-0.3608982932086326,-0.46852128566581813,-0.5233951232078607,0.17536303357005206,-0.19245008972987523,0.10039830890136621,1.054096712849935,-1.1002255001044086,0.7306868880376438,0.0,0.0,0.0,0.0,0.0,-0.23867308606453935,-0.5743665268941905,-0.38873907923545103,-0.6481547880160168,0.9801960588196068,-0.3333333333333333,0.7018100265975371
-0.25819888974716115,-0.35706231281085266,0.31858714024453894,-0.46852128566581813,-0.47581203894414636,0.24876111929095712,-0.16552117772047362,-0.15029912793471892,0.06375547053695894,0.2590716257226166,0.6774129373238948,0.0,0.0,0.0,0.0,0.0,0.6048536513108556,-0.5926908498758795,-0.07840802324623071,-0.5715567349782623,0.9801960588196068,-0.29488391230979427,0.75,-0.25819888974716115,-0.35706231281085266,-1.02818982697145,-0.46852128566581813,-0.5834397807807608,-0.7364596943186587,-0.16552117772047362,-0.87250601594972,-0.8750114867444861,0.2805611836044231,-1.5026796750781284,0.0,0.0,0.0,0.0,0.0,-0.19640689309641438,0.8470019064891356,-0.6346149239502519,-0.6096126565430893,-1.0408329997330665,-0.3333333333333333,-1.3932610920384718,-0.29488391230979427,4.560442068727267,2.1343747458109497,0.2855617905600848,-0.7476003010091695,-0.19245008972987523,0.10039830890136621,0.4139570086900555,0.35803477604178857,0.7306868880376438,0.0,0.0,0.0,0.0,0.0,-0.9845264800162247,-0.5743665268941905,-0.25628964849083397,-0.6481547880160168,0.9801960588196068,-0.3333333333333333,0.7018100265975371
-0.25819888974716115,-0.35706231281085266,0.40683842563083783,-0.46852128566581813,-0.12138966356675615,1.2055346550254076,-0.16552117772047362,0.5487665833895549,0.8318936697774281,-0.4351227210556913,0.7756955542733174,0.0,0.0,0.0,0.0,0.0,0.6048536513108556,-1.3067762111721197,0.8003025820994581,-0.5715567349782623,0.9801960588196068,-0.29488391230979427,0.75,-0.25819888974716115,-0.35706231281085266,0.3059665229049989,-0.46852128566581813,-0.5834397807807608,1.1046895414779878,-0.16552117772047362,-0.523503609569832,0.20620305998303423,-0.4317056296036346,0.7431052926573674,0.0,0.0,0.0,0.0,0.0,0.559004234197487,0.13523559851507205,-0.6346149239502519,-0.6096126565430893,-1.0408329997330665,-0.3333333333333333,0.7177405625652733,-0.29488391230979427,-0.3608982932086326,-0.46852128566581813,-0.6042908145846553,0.17536303357005206,-0.19245008972987523,-0.5473327162687383,-0.2973093292653663,-0.42929012095844665,0.7306868880376438,0.0,0.0,0.0,0.0,0.0,-0.23867308606453935,1.579507948959024,-0.521188509980068,-0.6481547880160168,0.9801960588196068,-0.3333333333333333,0.7018100265975371
-0.25819888974716115,-0.35706231281085266,-0.56392571361845,-0.46852128566581813,0.7646662748767192,1.2055346550254076,-0.16552117772047362,-0.15029912793471892,-0.47394126893136945,0.5187488637008861,0.7756955542733174,0.0,0.0,0.0,0.0,0.0,0.6048536513108556,0.1213945114203608,-0.48396676417501017,1.1029258870283665,0.9801960588196068,3.391164991562634,0.75,-0.25819888974716115,-0.35706231281085266,-0.49452728702087045,2.1343747458109497,1.3237927864074615,-0.7364596943186587,-0.16552117772047362,0.174501203189944,-0.4888634343418003,0.45763605603026586,0.7431052926573674,0.0,0.0,0.0,0.0,0.0,-0.9518180203903158,0.13523559851507205,0.1686951063665226,1.04394789465878,0.960768922830523,-0.3333333333333333,0.7177405625652733,-0.29488391230979427,1.279548494103334,-0.46852128566581813,0.8518316301976467,2.0212897027284953,-0.19245008972987523,0.10039830890136621,0.27170374109897116,0.4091756247959389,0.6298329352374169,0.0,0.0,0.0,0.0,0.0,-0.23867308606453935,0.8615497903412858,-0.6536379407246852,0.9913598528339413,-1.020204061220407,-0.3333333333333333,0.7018100265975371
-0.25819888974716115,-0.35706231281085266,-1.0051821405499444,-0.46852128566581813,-0.5644176327884939,-0.7080124164434933,-0.16552117772047362,-0.8493648392589926,-0.8580103685516041,0.8614556710575879,-1.4356633270886896,0.0,0.0,0.0,0.0,0.0,-0.9264214152989053,-0.5926908498758795,-0.61915301115127,-0.5715567349782623,0.9801960588196068,-0.29488391230979427,-1.3333333333333335,-0.25819888974716115,-0.35706231281085266,-1.02818982697145,-0.46852128566581813,-0.5834397807807608,-0.7364596943186587,-0.16552117772047362,-0.87250601594972,-0.8750114867444861,0.8907355386252137,-1.5026796750781284,0.0,0.0,0.0,0.0,0.0,-0.9518180203903158,0.8470019064891356,-0.6346149239502519,-0.6096126565430893,-1.0408329997330665,-0.3333333333333333,-1.3932610920384718,-0.29488391230979427,-0.3608982932086326,-0.46852128566581813,-0.6042908145846553,-0.7476003010091695,-0.19245008972987523,-0.8711982288537905,-0.8663223996297037,0.9114954203837871,-1.5385270499674615,0.0,0.0,0.0,0.0,0.0,-0.23867308606453935,1.579507948959024,-0.6536379407246852,-0.6481547880160168,-1.020204061220407,-0.3333333333333333,-1.4248870236980302
-0.25819888974716115,-0.35706231281085266,0.31858714024453894,-0.46852128566581813,-0.5644176327884939,0.24876111929095712,-0.16552117772047362,-0.15029912793471892,0.5246383900812405,-1.563575919808599,0.7756955542733174,0.0,0.0,0.0,0.0,0.0,2.1361287179206165,-0.5926908498758795,-0.48396676417501017,-0.6831889097787043,-1.020204061220407,-0.29488391230979427,0.75,-0.25819888974716115,1.3432344148598743,1.2843478461477282,2.1343747458109497,-0.4967473913631143,-0.7364596943186587,-0.16552117772047362,-0.523503609569832,0.2834326704635714,-1.585403304766482,0.6432926274246787,0.0,0.0,0.0,0.0,0.0,-0.9518180203903158,-0.5765307094589915,-0.6346149239502519,-0.7198500266232138,0.960768922830523,-0.3333333333333333,0.7177405625652733,-0.29488391230979427,-0.3608982932086326,2.1343747458109497,-0.6042908145846553,-0.7476003010091695,-0.19245008972987523,-0.22346720368368603,0.27170374109897116,-1.3613558286236114,0.7306868880376438,0.0,0.0,0.0,0.0,0.0,1.2530337018388313,-1.2923246855119288,-0.38873907923545103,-0.7574557640726807,-1.020204061220407,-0.3333333333333333,0.7018100265975371
-0.25819888974716115,-0.35706231281085266,0.23033585485824007,-0.46852128566581813,-0.5644176327884939,0.24876111929095712,-0.16552117772047362,-0.15029912793471892,0.4478245701571935,-0.5225426564665756,0.7756955542733174,0.0,0.0,0.0,0.0,0.0,-0.16078388199402488,2.9777359566053216,-0.1460011467343606,-0.5715567349782623,0.9801960588196068,-0.29488391230979427,0.75,-0.25819888974716115,-0.35706231281085266,0.39491027956342883,-0.46852128566581813,-0.5834397807807608,0.1841149235796646,-0.16552117772047362,-0.174501203189944,0.5151215019051829,-0.5313515716296784,0.7431052926573674,0.0,0.0,0.0,0.0,0.0,2.06982648878529,-0.5765307094589915,-0.5007299188974561,-0.6096126565430893,-1.0408329997330665,-0.3333333333333333,0.7177405625652733,2.162482023605158,-0.3608982932086326,-0.46852128566581813,-0.6042908145846553,0.17536303357005206,-0.19245008972987523,1.071994846656523,-0.012802794083197571,-0.5479857248308115,0.7306868880376438,0.0,0.0,0.0,0.0,0.0,-0.23867308606453935,0.8615497903412858,2.458923681773816,-0.6481547880160168,0.9801960588196068,-0.3333333333333333,0.7018100265975371
-0.25819888974716115,-0.35706231281085266,0.8480948525623323,-0.46852128566581813,-0.47581203894414636,0.24876111929095712,-0.16552117772047362,0.19923372772741796,1.2159627693976627,-1.0048372779727102,0.7756955542733174,0.0,0.0,0.0,0.0,0.0,-0.16078388199402488,-0.5926908498758795,-0.34878051719875036,-0.5715567349782623,0.9801960588196068,-0.29488391230979427,0.75,-0.25819888974716115,-0.35706231281085266,0.12807900958813906,-0.46852128566581813,0.37017650281335035,0.1841149235796646,-0.16552117772047362,0.87250601594972,0.5923511123857201,-1.007761002484121,0.7431052926573674,0.0,0.0,0.0,0.0,0.0,-0.19640689309641438,-0.5765307094589915,0.6372926240513077,-0.6096126565430893,-1.0408329997330665,2.9999999999999996,0.7177405625652733,-0.29488391230979427,-0.3608982932086326,-0.46852128566581813,-0.5233951232078607,1.0983263681492736,-0.19245008972987523,-0.22346720368368603,0.4139570086900555,-1.0090672763304325,0.7306868880376438,0.0,0.0,0.0,0.0,0.0,0.507180307887146,-1.2923246855119288,-0.32251436386314253,-0.6481547880160168,0.9801960588196068,-0.3333333333333333,0.7018100265975371
-0.25819888974716115,-0.35706231281085266,-0.47567442823215106,2.1343747458109497,1.384905431787152,-0.7080124164434933,-0.16552117772047362,0.19923372772741796,-0.47394126893136945,0.46942181004215966,0.7756955542733174,0.0,0.0,0.0,0.0,0.0,-0.9264214152989053,0.1213945114203608,0.19196447070628894,1.1029258870283665,0.9801960588196068,-0.29488391230979427,0.75,-0.25819888974716115,1.3432344148598743,1.1064603328308682,-0.46852128566581813,0.9770232287368756,2.025264159376311,-0.16552117772047362,0.174501203189944,0.36066228094410857,0.41928526215162926,0.6432926274246787,0.0,0.0,0.0,0.0,0.0,-0.19640689309641438,0.8470019064891356,-0.6346149239502519,1.04394789465878,-1.0408329997330665,-0.3333333333333333,0.7177405625652733,-0.29488391230979427,-0.3608982932086326,-0.46852128566581813,-0.2807080490774771,2.0212897027284953,-0.19245008972987523,-0.5473327162687383,0.05832383971234461,0.35735651544823216,0.7306868880376438,0.0,0.0,0.0,0.0,0.0,1.2530337018388313,-0.5743665268941905,-0.6536379407246852,0.9913598528339413,0.9801960588196068,2.9999999999999996,0.7018100265975371
-0.25819888974716115,-0.35706231281085266,0.31858714024453894,-0.46852128566581813,-0.5644176327884939,2.1623081907598576,-0.16552117772047362,-0.4998319835968558,0.3710107502331466,-0.572515352188898,0.7756955542733174,0.0,0.0,0.0,0.0,0.0,-0.9264214152989053,0.8354798727166011,-0.61915301115127,-0.5715567349782623,-1.020204061220407,-0.29488391230979427,0.75,-0.25819888974716115,-0.35706231281085266,0.217022766246569,-0.46852128566581813,-0.5834397807807608,0.1841149235796646,-0.16552117772047362,-0.174501203189944,0.43789189142464574,-0.5582632494031354,0.7431052926573674,0.0,0.0,0.0,0.0,0.0,-0.19640689309641438,2.9823008304113263,-0.16601740626546677,-0.6096126565430893,0.960768922830523,-0.3333333333333333,0.7177405625652733,-0.29488391230979427,-0.3608982932086326,-0.46852128566581813,-0.6042908145846553,0.17536303357005206,-0.19245008972987523,-0.22346720368368603,0.4139570086900555,-0.5659596305600554,0.7306868880376438,0.0,0.0,0.0,0.0,0.0,1.9988870957905165,-0.5743665268941905,-0.521188509980068,-0.6481547880160168,-1.020204061220407,-0.3333333333333333,0.7018100265975371
-0.25819888974716115,-0.35706231281085266,-1.0051821405499444,-0.46852128566581813,-0.5644176327884939,-0.7080124164434933,-0.16552117772047362,-0.8493648392589926,-0.8580103685516041,0.6436160388003325,-1.4356633270886896,0.0,0.0,0.0,0.0,0.0,0.6048536513108556,0.1213945114203608,-0.61915301115127,-0.3482923853773785,-1.020204061220407,-0.29488391230979427,-1.3333333333333335,-0.25819888974716115,-0.35706231281085266,-1.02818982697145,-0.46852128566581813,-0.5834397807807608,-0.7364596943186587,-0.16552117772047362,-0.87250601594972,-0.8750114867444861,0.6807318811104726,-1.5026796750781284,0.0,0.0,0.0,0.0,0.0,-0.9518180203903158,-0.5765307094589915,-0.6346149239502519,-0.49937528646296464,0.960768922830523,-0.3333333333333333,-1.3932610920384718,-0.29488391230979427,-0.3608982932086326,-0.46852128566581813,-0.6042908145846553,-0.7476003010091695,-0.19245008972987523,-0.8711982288537905,-0.8663223996297037,0.722938975375116,-1.5385270499674615,0.0,0.0,0.0,0.0,0.0,-0.9845264800162247,0.1435916317235476,-0.6536379407246852,-0.5388538119593529,-1.020204061220407,-0.3333333333333333,-1.4248870236980302
-0.25819888974716115,-0.35706231281085266,-1.0051821405499444,-0.46852128566581813,-0.5644176327884939,-0.7080124164434933,-0.16552117772047362,-0.8493648392589926,-0.8580103685516041,-1.977561610986288,-1.4356633270886896,0.0,0.0,0.0,0.0,0.0,-0.16078388199402488,0.1213945114203608,-0.61915301115127,-0.5715567349782623,-1.020204061220407,-0.29488391230979427,-1.3333333333333335,-0.25819888974716115,-0.35706231281085266,1.1064603328308682,2.1343747458109497,-0.5834397807807608,-0.7364596943186587,-0.16552117772047362,1.221508422329608,0.20620305998303423,-2.0306692461091354,0.7431052926573674,0.0,0.0,0.0,0.0,0.0,-0.9518180203903158,-1.2882970174330552,2.511682694790448,-0.7198500266232138,0.960768922830523,-0.3333333333333333,0.7177405625652733,-0.29488391230979427,-0.3608982932086326,-0.46852128566581813,-0.6042908145846553,-0.7476003010091695,-0.19245008972987523,-0.8711982288537905,-0.8663223996297037,-2.01275730267515,-1.5385270499674615,0.0,0.0,0.0,0.0,0.0,-0.23867308606453935,-0.5743665268941905,-0.6536379407246852,-0.7574557640726807,0.9801960588196068,-0.3333333333333333,-1.4248870236980302
-0.25819888974716115,-0.35706231281085266,-1.0051821405499444,-0.46852128566581813,-0.5644176327884939,-0.7080124164434933,-0.16552117772047362,-0.8493648392589926,-0.8580103685516041,0.6866158002358193,-1.4356633270886896,0.0,0.0,0.0,0.0,0.0,0.6048536513108556,0.8354798727166011,-0.61915301115127,1.1029258870283665,-1.020204061220407,-0.29488391230979427,-1.3333333333333335,-0.25819888974716115,-0.35706231281085266,-0.5834710436793004,-0.46852128566581813,2.4507938488368657,0.1841149235796646,-0.16552117772047362,0.87250601594972,-0.33440421338072596,0.6414553784140758,0.7431052926573674,0.0,0.0,0.0,0.0,0.0,-0.19640689309641438,-1.2882970174330552,-0.03213240121267101,1.04394789465878,0.960768922830523,2.9999999999999996,0.7177405625652733,-0.29488391230979427,-0.3608982932086326,-0.46852128566581813,0.9327273215744413,2.0212897027284953,-0.19245008972987523,-0.22346720368368603,-0.5106892306519928,0.5921703329374477,0.6046194470373603,0.0,0.0,0.0,0.0,0.0,-0.23867308606453935,1.579507948959024,-0.38873907923545103,0.9913598528339413,-1.020204061220407,-0.3333333333333333,0.7018100265975371
-0.25819888974716115,-0.35706231281085266,0.40683842563083783,-0.46852128566581813,-0.5644176327884939,0.24876111929095712,-0.16552117772047362,-0.15029912793471892,0.5246383900812405,-0.4962650244782226,0.7756955542733174,0.0,0.0,0.0,0.0,0.0,2.1361287179206165,-0.5926908498758795,-0.48396676417501017,-0.5715567349782623,-1.020204061220407,-0.29488391230979427,0.75,2.32379000772445,-0.35706231281085266,0.4838540362218588,-0.46852128566581813,-0.5834397807807608,0.1841149235796646,-0.16552117772047362,1.221508422329608,0.0517438390219599,-0.5138292261506461,0.7431052926573674,0.0,0.0,0.0,0.0,0.0,-0.19640689309641438,0.8470019064891356,2.511682694790448,-0.6096126565430893,0.960768922830523,-0.3333333333333333,0.7177405625652733,-0.29488391230979427,-0.3608982932086326,-0.46852128566581813,-0.19981235770068254,1.0983263681492736,-0.19245008972987523,0.42426382148641845,0.6984635438722242,-0.501728352350267,0.7306868880376438,0.0,0.0,0.0,0.0,0.0,0.507180307887146,-1.2923246855119288,0.737081082093794,-0.6481547880160168,0.9801960588196068,-0.3333333333333333,0.7018100265975371
-0.25819888974716115,-0.35706231281085266,-0.29917185745955327,-0.46852128566581813,-0.5644176327884939,0.24876111929095712,-0.16552117772047362,-0.4998319835968558,-0.24349980915922873,-0.3661681486636495,0.7756955542733174,0.0,0.0,0.0,0.0,0.0,-0.16078388199402488,1.5495652340128414,-0.48396676417501017,-0.5715567349782623,0.9801960588196068,-0.29488391230979427,0.75,-0.25819888974716115,3.0435311425306013,1.2843478461477282,2.1343747458109497,0.5435612816486433,-0.7364596943186587,-0.16552117772047362,0.174501203189944,0.20620305998303423,-0.3725925093838051,0.7431052926573674,0.0,0.0,0.0,0.0,0.0,-0.9518180203903158,-1.2882970174330552,-0.3668449138446604,-0.6096126565430893,0.960768922830523,-0.3333333333333333,0.7177405625652733,-0.29488391230979427,1.279548494103334,-0.46852128566581813,-0.6042908145846553,0.17536303357005206,-0.19245008972987523,-0.8711982288537905,-0.8663223996297037,-0.36499101668930267,0.7306868880376438,0.0,0.0,0.0,0.0,0.0,-0.23867308606453935,-0.5743665268941905,-0.6536379407246852,-0.6481547880160168,-1.020204061220407,-0.3333333333333333,0.7018100265975371
-0.25819888974716115,-0.35706231281085266,0.14208456947194117,-0.46852128566581813,-0.5644176327884939,2.1623081907598576,-0.16552117772047362,-0.4998319835968558,0.21738311038505279,1.008274676319295,0.48084770342504973,0.0,0.0,0.0,0.0,0.0,1.3704911846157362,-0.5926908498758795,-0.48396676417501017,-0.5715567349782623,0.9801960588196068,-0.29488391230979427,0.75,-0.25819888974716115,-0.35706231281085266,-1.02818982697145,-0.46852128566581813,-0.5834397807807608,-0.7364596943186587,-0.16552117772047362,-0.87250601594972,-0.8750114867444861,1.055776196420174,-1.5026796750781284,0.0,0.0,0.0,0.0,0.0,-0.19640689309641438,-0.5765307094589915,-0.6346149239502519,1.04394789465878,0.960768922830523,-0.3333333333333333,-1.3932610920384718,-0.29488391230979427,-0.3608982932086326,-0.46852128566581813,-0.6042908145846553,-0.7476003010091695,-0.19245008972987523,-0.8711982288537905,-0.7951957658341615,1.0297162418406625,-0.7316954275656463,0.0,0.0,0.0,0.0,0.0,0.507180307887146,-1.2923246855119288,-0.6536379407246852,0.9913598528339413,-1.020204061220407,-0.3333333333333333,0.7018100265975371
-0.25819888974716115,1.3432344148598743,1.3776025648801258,2.1343747458109497,0.3216383056549816,-0.7080124164434933,-0.16552117772047362,0.19923372772741796,0.6014522100052874,-1.6939956166549701,0.7756955542733174,0.0,0.0,0.0,0.0,0.0,-0.9264214152989053,-1.3067762111721197,-0.34878051719875036,-0.6831889097787043,-1.020204061220407,-0.29488391230979427,0.75,-0.25819888974716115,1.3432344148598743,1.195404089489298,2.1343747458109497,1.1504080075721685,-0.7364596943186587,-0.16552117772047362,0.523503609569832,0.36066228094410857,-1.7374840391127995,0.7431052926573674,0.0,0.0,0.0,0.0,0.0,-0.9518180203903158,-0.5765307094589915,-0.3668449138446604,-0.7198500266232138,0.960768922830523,-0.3333333333333333,0.7177405625652733,-0.29488391230979427,-0.3608982932086326,-0.46852128566581813,0.20466609918329023,0.17536303357005206,-0.19245008972987523,0.10039830890136621,0.5562102762811398,-1.7779434851859344,0.7306868880376438,0.0,0.0,0.0,0.0,0.0,0.507180307887146,-0.5743665268941905,-0.521188509980068,-0.7574557640726807,-1.020204061220407,-0.3333333333333333,0.7018100265975371
-0.25819888974716115,1.3432344148598743,1.4658538502664247,2.1343747458109497,-0.5644176327884939,-0.7080124164434933,-0.16552117772047362,-0.4998319835968558,-0.01305834938708797,-2.0904198437028505,0.7756955542733174,0.0,0.0,0.0,0.0,0.0,-0.9264214152989053,-1.3067762111721197,-0.61915301115127,-0.5715567349782623,-1.020204061220407,-0.29488391230979427,0.75,-0.25819888974716115,-0.35706231281085266,0.039135252929709125,-0.46852128566581813,0.2834841133957039,2.025264159376311,-0.16552117772047362,-0.174501203189944,-0.2571746029001888,-2.112792842656147,0.7431052926573674,0.0,0.0,0.0,0.0,0.0,1.3144153614913885,0.8470019064891356,-0.23295990879186462,-0.6096126565430893,0.960768922830523,-0.3333333333333333,0.7177405625652733,-0.29488391230979427,-0.3608982932086326,-0.46852128566581813,-0.5233951232078607,0.17536303357005206,-0.19245008972987523,-0.22346720368368603,0.4139570086900555,-2.1432546408753956,0.7306868880376438,0.0,0.0,0.0,0.0,0.0,-0.23867308606453935,-0.5743665268941905,-0.25628964849083397,-0.6481547880160168,-1.020204061220407,-0.3333333333333333,0.7018100265975371
-0.25819888974716115,-0.35706231281085266,-1.0051821405499444,-0.46852128566581813,-0.5644176327884939,-0.7080124164434933,-0.16552117772047362,-0.8493648392589926,-0.8580103685516041,0.5995832500630923,-1.4356633270886896,0.0,0.0,0.0,0.0,0.0,-0.9264214152989053,0.8354798727166011,-0.61915301115127,-1.129717608980472,0.9801960588196068,-0.29488391230979427,-1.3333333333333335,-0.25819888974716115,-0.35706231281085266,-1.02818982697145,-0.46852128566581813,-0.5834397807807608,-0.7364596943186587,-0.16552117772047362,-0.87250601594972,-0.8750114867444861,0.6347109284561087,-1.5026796750781284,0.0,0.0,0.0,0.0,0.0,0.559004234197487,-1.2882970174330552,-0.6346149239502519,-1.1607995069437123,-1.0408329997330665,-0.3333333333333333,-1.3932610920384718,-0.29488391230979427,-0.3608982932086326,-0.46852128566581813,-0.6042908145846553,-0.7476003010091695,-0.19245008972987523,-0.8711982288537905,-0.8663223996297037,0.6766816028945716,-1.5385270499674615,0.0,0.0,0.0,0.0,0.0,0.507180307887146,0.8615497903412858,-0.6536379407246852,-1.1946596682993362,0.9801960588196068,-0.3333333333333333,-1.4248870236980302
-0.25819888974716115,-0.35706231281085266,-0.12266928668695551,-0.46852128566581813,-0.5644176327884939,0.24876111929095712,-0.16552117772047362,-0.4998319835968558,-0.1666859892351818,-0.7819616376194068,0.7756955542733174,0.0,0.0,0.0,0.0,0.0,-0.16078388199402488,0.1213945114203608,-0.07840802324623071,-0.5715567349782623,0.9801960588196068,-0.29488391230979427,0.75,-0.25819888974716115,-0.35706231281085266,-0.22769601704558065,-0.46852128566581813,-0.5834397807807608,0.1841149235796646,-0.16552117772047362,-0.87250601594972,-0.6433226553028747,-0.7912773832450585,0.7431052926573674,0.0,0.0,0.0,0.0,0.0,0.559004234197487,-0.5765307094589915,-0.6346149239502519,-0.6096126565430893,-1.0408329997330665,-0.3333333333333333,0.7177405625652733,-0.29488391230979427,1.279548494103334,2.1343747458109497,-0.6042908145846553,-0.7476003010091695,-0.19245008972987523,-0.5473327162687383,0.20057710730342895,-0.7296239117852076,0.7306868880376438,0.0,0.0,0.0,0.0,0.0,-0.9845264800162247,0.1435916317235476,-0.521188509980068,-0.6481547880160168,0.9801960588196068,-0.3333333333333333,0.7018100265975371
-0.25819888974716115,-0.35706231281085266,0.40683842563083783,-0.46852128566581813,1.207694244098457,0.24876111929095712,-0.16552117772047362,0.8982994390516917,-0.1666859892351818,0.6491685605472572,0.7756955542733174,0.0,0.0,0.0,0.0,0.0,-0.16078388199402488,-0.5926908498758795,0.7327094586113282,1.661086761030576,0.9801960588196068,-0.29488391230979427,0.75,-0.25819888974716115,-0.35706231281085266,-0.6724148003377303,-0.46852128566581813,-0.32336261252782134,1.1046895414779878,-0.16552117772047362,0.87250601594972,-0.02548577145857727,0.5909381257877337,0.7431052926573674,0.0,0.0,0.0,0.0,0.0,-0.19640689309641438,0.13523559851507205,1.8422576695264694,1.5951347450594031,-1.0408329997330665,-0.3333333333333333,0.7177405625652733,-0.29488391230979427,-0.3608982932086326,-0.46852128566581813,-0.2807080490774771,1.0983263681492736,-0.19245008972987523,-0.5473327162687383,-0.581815864447535,0.5003338485699151,0.7306868880376438,0.0,0.0,0.0,0.0,0.0,0.507180307887146,0.1435916317235476,0.008609212998400161,1.6471657091739247,0.9801960588196068,-0.3333333333333333,0.7018100265975371
-0.25819888974716115,-0.35706231281085266,-1.0051821405499444,-0.46852128566581813,-0.5644176327884939,-0.7080124164434933,-0.16552117772047362,-0.8493648392589926,-0.8580103685516041,0.6423247546731408,-1.4356633270886896,0.0,0.0,0.0,0.0,0.0,0.6048536513108556,-1.3067762111721197,-0.61915301115127,-1.129717608980472,-1.020204061220407,-0.29488391230979427,-1.3333333333333335,-0.25819888974716115,-0.35706231281085266,-1.02818982697145,-0.46852128566581813,-0.5834397807807608,-0.7364596943186587,-0.16552117772047362,-0.87250601594972,-0.8750114867444861,0.6800706605263582,-1.5026796750781284,0.0,0.0,0.0,0.0,0.0,0.559004234197487,0.8470019064891356,-0.6346149239502519,-1.1607995069437123,0.960768922830523,-0.3333333333333333,-1.3932610920384718,-0.29488391230979427,-0.3608982932086326,-0.46852128566581813,-0.6042908145846553,-0.7476003010091695,-0.19245008972987523,-0.8711982288537905,-0.8663223996297037,0.7285007122422783,-1.5385270499674615,0.0,0.0,0.0,0.0,0.0,-0.9845264800162247,0.8615497903412858,-0.6536379407246852,-1.1946596682993362,-1.020204061220407,-0.3333333333333333,-1.4248870236980302
-0.25819888974716115,-0.35706231281085266,-0.6521769990047489,-0.46852128566581813,-0.2099952574111037,1.2055346550254076,-0.16552117772047362,-0.4998319835968558,-0.5507550888554164,0.5187488637008861,0.7756955542733174,0.0,0.0,0.0,0.0,0.0,0.6048536513108556,0.1213945114203608,0.056778223730029116,1.772718935831018,0.9801960588196068,-0.29488391230979427,0.75,-0.25819888974716115,-0.35706231281085266,-1.2950210969467397,-0.46852128566581813,1.8439471229133404,4.786988013071281,-0.16552117772047362,0.87250601594972,-0.4888634343418003,0.4569748354461515,0.7431052926573674,0.0,0.0,0.0,0.0,0.0,-0.19640689309641438,2.9823008304113263,0.5034076189985119,1.7053721151395276,-1.0408329997330665,2.9999999999999996,0.7177405625652733,-0.29488391230979427,4.560442068727267,-0.46852128566581813,-0.6042908145846553,-0.7476003010091695,7.505553499465134,3.662918947336941,4.041415332262707,0.4091756247959389,-0.40392008096490883,0.0,0.0,0.0,0.0,0.0,-0.23867308606453935,0.8615497903412858,3.982092135336912,1.5378647331172608,0.9801960588196068,-0.3333333333333333,-1.4248870236980302
2.32379000772445,-0.35706231281085266,0.5833409964034356,2.1343747458109497,3.245622902518451,-0.7080124164434933,-0.16552117772047362,1.9468980060381025,1.2927765893217094,0.989680184887733,0.7756955542733174,0.0,0.0,0.0,0.0,0.0,-0.9264214152989053,0.1213945114203608,0.056778223730029116,1.1029258870283665,0.9801960588196068,3.391164991562634,0.75,7.487767802667672,3.0435311425306013,3.2411104926331866,2.1343747458109497,4.964873141948613,-0.7364596943186587,-0.16552117772047362,3.6645252669888237,4.14491319449043,0.9527580294151468,0.6432926274246787,0.0,0.0,0.0,0.0,0.0,-0.9518180203903158,0.8470019064891356,-0.2999024113182625,1.04394789465878,0.960768922830523,-0.3333333333333333,0.7177405625652733,-0.29488391230979427,-0.3608982932086326,-0.46852128566581813,-0.038020974947093424,2.9442530373077167,-0.19245008972987523,-0.5473327162687383,-0.581815864447535,0.9108171597902307,0.07513619483616897,0.0,0.0,0.0,0.0,0.0,-0.9845264800162247,2.297466107576762,-0.5874132253523766,0.9913598528339413,-1.020204061220407,-0.3333333333333333,0.7018100265975371
-0.25819888974716115,-0.35706231281085266,-0.29917185745955327,-0.46852128566581813,1.2962998379428046,0.24876111929095712,-0.16552117772047362,-0.15029912793471892,-0.6275689087794633,0.8661042939154784,0.7756955542733174,0.0,0.0,0.0,0.0,0.0,-0.16078388199402488,-0.5926908498758795,-0.48396676417501017,1.1029258870283665,0.9801960588196068,-0.29488391230979427,0.75,-0.25819888974716115,-0.35706231281085266,1.0175165761724383,-0.46852128566581813,1.9306395123309867,0.1841149235796646,-0.16552117772047362,0.87250601594972,0.5923511123857201,0.8133727302838261,0.7431052926573674,0.0,0.0,0.0,0.0,0.0,0.559004234197487,-0.5765307094589915,0.03481010131372687,1.04394789465878,-1.0408329997330665,-0.3333333333333333,0.7177405625652733,-0.29488391230979427,2.9199952814153,-0.46852128566581813,0.7709359388208522,1.0983263681492736,3.656551704867629,2.0435913844116795,2.6188826563518632,0.7285007122422783,0.7306868880376438,0.0,0.0,0.0,0.0,0.0,0.507180307887146,0.8615497903412858,1.333103520444571,0.9913598528339413,0.9801960588196068,-0.3333333333333333,0.7018100265975371
-0.25819888974716115,-0.35706231281085266,-1.0051821405499444,-0.46852128566581813,-0.5644176327884939,-0.7080124164434933,-0.16552117772047362,-0.8493648392589926,-0.8580103685516041,0.5995832500630923,-1.4356633270886896,0.0,0.0,0.0,0.0,0.0,-0.9264214152989053,1.5495652340128414,-0.61915301115127,-0.3482923853773785,0.9801960588196068,-0.29488391230979427,-1.3333333333333335,-0.25819888974716115,-0.35706231281085266,-1.02818982697145,-0.46852128566581813,-0.5834397807807608,-0.7364596943186587,-0.16552117772047362,-0.87250601594972,-0.8750114867444861,0.6360333696243375,-1.5026796750781284,0.0,0.0,0.0,0.0,0.0,0.559004234197487,0.13523559851507205,-0.6346149239502519,-0.38913791638284,-1.0408329997330665,-0.3333333333333333,-1.3932610920384718,-0.29488391230979427,-0.3608982932086326,-0.46852128566581813,-0.6042908145846553,-0.7476003010091695,-0.19245008972987523,-0.8711982288537905,-0.8663223996297037,0.6773598634881279,-1.5385270499674615,0.0,0.0,0.0,0.0,0.0,-0.9845264800162247,-0.5743665268941905,-0.6536379407246852,-0.5388538119593529,0.9801960588196068,-0.3333333333333333,-1.4248870236980302
-0.25819888974716115,-0.35706231281085266,-1.0934334259362433,-0.46852128566581813,-0.5644176327884939,-0.7080124164434933,-0.16552117772047362,-0.8493648392589926,-0.7811965486275572,1.0226724943374832,-0.6494023914933094,0.0,0.0,0.0,0.0,0.0,0.6048536513108556,-1.3067762111721197,-0.61915301115127,1.1029258870283665,-1.020204061220407,-0.29488391230979427,0.75,2.32379000772445,-0.35706231281085266,0.5727977928802886,2.1343747458109497,3.144332964178037,-0.7364596943186587,-0.16552117772047362,1.919513235089384,1.2874176067105547,0.9904476027096689,0.7431052926573674,0.0,0.0,0.0,0.0,0.0,-0.9518180203903158,0.13523559851507205,0.03481010131372687,1.04394789465878,0.960768922830523,2.9999999999999996,0.7177405625652733,7.0772138954350625,2.9199952814153,2.1343747458109497,4.573033433530196,-0.7476003010091695,-0.19245008972987523,3.3390534347518885,3.7569087970805377,0.9563962716772189,0.6298329352374169,0.0,0.0,0.0,0.0,0.0,-0.9845264800162247,0.8615497903412858,-0.32251436386314253,0.9913598528339413,0.9801960588196068,-0.3333333333333333,0.7018100265975371
-0.25819888974716115,-0.35706231281085266,-0.6521769990047489,-0.46852128566581813,0.3216383056549816,-0.7080124164434933,-0.16552117772047362,-0.4998319835968558,-0.39712744900732255,0.9469386802776847,-1.288239401664556,0.0,0.0,0.0,0.0,0.0,-0.9264214152989053,0.8354798727166011,-0.61915301115127,-0.5715567349782623,0.9801960588196068,-0.29488391230979427,-1.3333333333333335,-0.25819888974716115,-0.35706231281085266,0.039135252929709125,-0.46852128566581813,-0.4967473913631143,-0.7364596943186587,-0.16552117772047362,-0.174501203189944,0.6695807228662572,0.9911088232937834,-0.18016186074500307,0.0,0.0,0.0,0.0,0.0,-0.9518180203903158,-0.5765307094589915,-0.23295990879186462,-0.6096126565430893,-1.0408329997330665,-0.3333333333333333,-1.3932610920384718,-0.29488391230979427,-0.3608982932086326,-0.46852128566581813,-0.6042908145846553,2.0212897027284953,-0.19245008972987523,-0.5473327162687383,0.1294504735078868,1.0145910306043555,0.42812502963696314,0.0,0.0,0.0,0.0,0.0,1.2530337018388313,-0.5743665268941905,-0.521188509980068,-0.6481547880160168,0.9801960588196068,-0.3333333333333333,0.7018100265975371
2.32379000772445,1.3432344148598743,0.4950897110171367,-0.46852128566581813,0.41024389949932916,0.24876111929095712,-0.16552117772047362,0.8982994390516917,-0.47394126893136945,0.6866158002358193,0.7756955542733174,0.0,0.0,0.0,0.0,0.0,-0.16078388199402488,-0.5926908498758795,1.611420063957017,1.661086761030576,-1.020204061220407,-0.29488391230979427,0.75,-0.25819888974716115,-0.35706231281085266,0.39491027956342883,-0.46852128566581813,1.1504080075721685,0.1841149235796646,-0.16552117772047362,0.87250601594972,-0.17994499241965162,0.6417198666477216,0.7431052926573674,0.0,0.0,0.0,0.0,0.0,-0.19640689309641438,-0.5765307094589915,0.7042351265777056,1.5951347450594031,0.960768922830523,-0.3333333333333333,0.7177405625652733,-0.29488391230979427,-0.3608982932086326,-0.46852128566581813,-0.3616037404542716,1.0983263681492736,-0.19245008972987523,0.7481293340714706,-0.08392942787873975,0.5852520748831728,0.7306868880376438,0.0,0.0,0.0,0.0,0.0,-0.23867308606453935,0.1435916317235476,1.7966765280507306,1.5378647331172608,-1.020204061220407,-0.3333333333333333,0.7018100265975371
2.32379000772445,-0.35706231281085266,0.4950897110171367,-0.46852128566581813,-0.5644176327884939,0.24876111929095712,-0.16552117772047362,1.2478322947138287,0.06375547053695894,-0.47915550979293137,0.7756955542733174,0.0,0.0,0.0,0.0,0.0,-0.16078388199402488,0.8354798727166011,2.557723792790836,-0.5715567349782623,0.9801960588196068,-0.29488391230979427,0.75,-0.25819888974716115,-0.35706231281085266,0.39491027956342883,-0.46852128566581813,-0.14997783369252843,1.1046895414779878,-0.16552117772047362,0.523503609569832,0.8240399438273316,-0.4687339823140424,0.7431052926573674,0.0,0.0,0.0,0.0,0.0,0.559004234197487,-1.2882970174330552,0.7711776291041035,-0.6096126565430893,0.960768922830523,-0.3333333333333333,0.7177405625652733,-0.29488391230979427,-0.3608982932086326,-0.46852128566581813,-0.6042908145846553,1.0983263681492736,-0.19245008972987523,-0.5473327162687383,0.1294504735078868,-0.46374575911111027,0.7306868880376438,0.0,0.0,0.0,0.0,0.0,0.507180307887146,0.1435916317235476,-0.6536379407246852,-0.6481547880160168,-1.020204061220407,-0.3333333333333333,0.7018100265975371
-0.25819888974716115,-0.35706231281085266,2.524869274902011,2.1343747458109497,-0.5644176327884939,-0.7080124164434933,3.972508265291367,1.2478322947138287,2.8290529878026476,0.43262021241719356,0.7756955542733174,0.0,0.0,0.0,0.0,0.0,5.198678851140138,-1.3067762111721197,0.5299300881469384,-0.4599245601778204,-1.020204061220407,-0.29488391230979427,0.75,-0.25819888974716115,-0.35706231281085266,-1.02818982697145,-0.46852128566581813,-0.5834397807807608,-0.7364596943186587,-0.16552117772047362,-0.87250601594972,-0.8750114867444861,0.45763605603026586,-1.5026796750781284,0.0,0.0,0.0,0.0,0.0,-0.9518180203903158,0.13523559851507205,-0.6346149239502519,-0.38913791638284,0.960768922830523,-0.3333333333333333,-1.3932610920384718,-0.29488391230979427,-0.3608982932086326,-0.46852128566581813,-0.6042908145846553,-0.7476003010091695,-0.19245008972987523,-0.8711982288537905,-0.8663223996297037,0.5003338485699151,-1.5385270499674615,0.0,0.0,0.0,0.0,0.0,0.507180307887146,0.1435916317235476,-0.6536379407246852,-0.429552835902689,-1.020204061220407,-0.3333333333333333,-1.4248870236980302
-0.25819888974716115,-0.35706231281085266,-0.6521769990047489,-0.46852128566581813,0.4988494933436767,1.2055346550254076,-0.16552117772047362,-0.4998319835968558,-0.8580103685516041,0.9528785872627669,0.7756955542733174,0.0,0.0,0.0,0.0,0.0,-0.9264214152989053,0.1213945114203608,-0.34878051719875036,1.661086761030576,-1.020204061220407,3.391164991562634,0.75,-0.25819888974716115,-0.35706231281085266,-1.2060773402883098,-0.46852128566581813,0.8036384499015827,-0.7364596943186587,-0.16552117772047362,1.570510828709496,-0.7205522657834118,0.9022407767888047,-0.37978719121038046,0.0,0.0,0.0,0.0,0.0,-0.19640689309641438,-0.5765307094589915,3.3149927251072224,1.5951347450594031,0.960768922830523,-0.3333333333333333,-1.3932610920384718,2.162482023605158,-0.3608982932086326,-0.46852128566581813,2.874223914617511,0.17536303357005206,-0.19245008972987523,2.0435913844116795,1.3386032480321037,0.8862641263034902,0.7306868880376438,0.0,0.0,0.0,0.0,0.0,-0.23867308606453935,0.1435916317235476,0.4059575052322514,1.5378647331172608,0.9801960588196068,-0.3333333333333333,0.7018100265975371
-0.25819888974716115,-0.35706231281085266,1.0245974233349302,-0.46852128566581813,2.005144588697585,0.24876111929095712,-0.16552117772047362,0.8982994390516917,0.6014522100052874,0.8167772402567519,0.7756955542733174,0.0,0.0,0.0,0.0,0.0,0.6048536513108556,-0.5926908498758795,0.056778223730029116,1.1029258870283665,-1.020204061220407,-0.29488391230979427,0.75,-0.25819888974716115,3.0435311425306013,1.4622353594645878,-0.46852128566581813,0.8903308393192292,1.1046895414779878,3.972508265291367,2.2685156414692718,2.9092394268018356,0.7305879131527002,0.7431052926573674,0.0,0.0,0.0,0.0,0.0,0.559004234197487,0.8470019064891356,1.3736601518416844,1.04394789465878,0.960768922830523,-0.3333333333333333,0.7177405625652733,-0.29488391230979427,-0.3608982932086326,-0.46852128566581813,-0.6042908145846553,-0.7476003010091695,-0.19245008972987523,-0.8711982288537905,-0.8663223996297037,0.6766816028945716,-1.5385270499674615,0.0,0.0,0.0,0.0,0.0,0.507180307887146,0.8615497903412858,-0.6536379407246852,0.9913598528339413,-1.020204061220407,-0.3333333333333333,-1.4248870236980302
-0.25819888974716115,-0.35706231281085266,0.31858714024453894,-0.46852128566581813,-0.5644176327884939,1.2055346550254076,-0.16552117772047362,-0.15029912793471892,0.908707489701475,-0.8325799754053251,0.7756955542733174,0.0,0.0,0.0,0.0,0.0,-0.9264214152989053,0.1213945114203608,-0.61915301115127,-0.5715567349782623,-1.020204061220407,-0.29488391230979427,0.75,-0.25819888974716115,-0.35706231281085266,-0.13875226038715074,-0.46852128566581813,-0.5834397807807608,0.1841149235796646,-0.16552117772047362,-0.523503609569832,-0.17994499241965162,-0.8239416801003111,0.7431052926573674,0.0,0.0,0.0,0.0,0.0,-0.19640689309641438,0.13523559851507205,-0.09907490373906888,-0.6096126565430893,0.960768922830523,-0.3333333333333333,0.7177405625652733,-0.29488391230979427,-0.3608982932086326,-0.46852128566581813,-0.6042908145846553,0.17536303357005206,-0.19245008972987523,-0.8711982288537905,-0.6529424982430772,-0.8325838698870647,0.7306868880376438,0.0,0.0,0.0,0.0,0.0,0.507180307887146,-0.5743665268941905,-0.6536379407246852,-0.6481547880160168,-1.020204061220407,-0.3333333333333333,0.7018100265975371
